# ----------------------------------------,,,,,,,,,,,,,,,,,,,,,,,,,
# All Web Site Data,,,,,,,,,,,,,,,,,,,,,,,,,
# Flat File Report,,,,,,,,,,,,,,,,,,,,,,,,,
# 20180901-20210328,,,,,,,,,,,,,,,,,,,,,,,,,
# ----------------------------------------,,,,,,,,,,,,,,,,,,,,,,,,,
,,,,,,,,,,,,,,,,,,,,,,,,,
Date,Hour of Day,Avg. Order Value,Avg. Price,Avg. QTY,Buy-to-Detail Rate,Cart-to-Detail Rate,Ecommerce Conversion Rate,Per Session Value,Product Adds To Cart,Product Checkouts,Product Detail Views,Product List Clicks,Product List CTR,Product List Views,Product Refunds,Product Removes From Cart,Quantity,Quantity Added To Cart,Quantity Checked Out,Quantity Refunded,Quantity Removed From Cart,Revenue,Transactions,Transactions per User,Unique Purchases
20190709,2019070911,"$1,494.31",$464.00,3,0.00%,0.00%,20.00%,$298.86,0,0,0,0,0.00%,0,0,0,3,0,0,0,0,"$1,494.31",1,0.17,1
20210303,2021030314,"$1,481.43",$276.00,5,0.00%,0.00%,50.00%,$740.72,0,0,0,0,0.00%,0,0,0,5,0,0,0,0,"$1,481.43",1,0.5,1
20200723,2020072309,"$1,268.88",$394.00,3,0.00%,0.00%,16.67%,$211.48,0,0,0,0,0.00%,0,0,0,3,0,0,0,0,"$1,268.88",1,0.2,1
20201207,2020120712,"$1,223.79",$228.00,2.5,0.00%,0.00%,100.00%,"$1,223.79",0,0,0,0,0.00%,0,0,0,5,0,0,0,0,"$1,223.79",1,0.5,2
20200813,2020081315,"$1,161.53",$360.67,1.5,0.00%,0.00%,0.00%,$0.00,0,0,0,0,0.00%,0,0,0,3,0,0,0,0,"$1,161.53",1,1,2
20190430,2019043014,"$1,133.62",$264.00,4,0.00%,0.00%,100.00%,"$1,133.62",0,0,0,0,0.00%,0,0,0,4,0,0,0,0,"$1,133.62",1,1,1
20190618,2019061821,"$1,107.85",$344.00,3,0.00%,0.00%,100.00%,"$1,107.85",0,0,0,0,0.00%,0,0,0,3,0,0,0,0,"$1,107.85",1,1,1
20200215,2020021509,"$1,030.99",$240.10,4,0.00%,0.00%,25.00%,$257.75,0,0,0,0,0.00%,0,0,0,4,0,0,0,0,"$1,030.99",1,0.2,1
20200930,2020093015,"$1,026.27",$239.00,2,0.00%,0.00%,100.00%,"$1,026.27",0,0,0,0,0.00%,0,0,0,4,0,0,0,0,"$1,026.27",1,0.5,2
20190920,2019092013,"$1,011.24",$314.00,3,0.00%,0.00%,33.33%,$337.08,0,0,0,0,0.00%,0,0,0,3,0,0,0,0,"$1,011.24",1,0.33,1
20200721,2020072107,"$1,011.24",$314.00,3,0.00%,0.00%,25.00%,$252.81,0,0,0,0,0.00%,0,0,0,3,0,0,0,0,"$1,011.24",1,0.33,1
20200808,2020080817,"$1,011.24",$314.00,3,0.00%,0.00%,33.33%,$337.08,0,0,0,0,0.00%,0,0,0,3,0,0,0,0,"$1,011.24",1,0.33,1
20200723,2020072315,$996.21,$464.00,2,0.00%,0.00%,33.33%,$332.07,0,0,0,0,0.00%,0,0,0,2,0,0,0,0,$996.21,1,0.33,1
20200826,2020082610,$996.21,$464.00,2,0.00%,0.00%,100.00%,$996.21,0,0,0,0,0.00%,0,0,0,2,0,0,0,0,$996.21,1,1,1
20200630,2020063006,$950.05,$354.00,2.5,0.00%,0.00%,50.00%,$475.02,0,0,0,0,0.00%,0,0,0,5,0,0,0,0,"$1,900.10",2,0.4,2
20201215,2020121517,$944.68,$176.00,5,0.00%,0.00%,12.50%,$118.08,0,0,0,0,0.00%,0,0,0,5,0,0,0,0,$944.68,1,0.17,1
20201022,2020102218,$921.06,$429.00,2,0.00%,0.00%,50.00%,$460.53,0,0,0,0,0.00%,0,0,0,2,0,0,0,0,$921.06,1,0.5,1
20190302,2019030212,$908.50,$282.10,3,0.00%,0.00%,0.00%,$0.00,0,0,0,0,0.00%,0,0,0,3,0,0,0,0,$908.50,1,1,1
20191229,2019122917,$893.15,$208.00,2,0.00%,0.00%,33.33%,$297.72,0,0,0,0,0.00%,0,0,0,4,0,0,0,0,$893.15,1,0.33,2
20200812,2020081213,$888.86,$414.00,1,0.00%,0.00%,50.00%,$444.43,0,0,0,0,0.00%,0,0,0,2,0,0,0,0,$888.86,1,0.5,2
20200827,2020082707,$888.86,$414.00,1,0.00%,0.00%,100.00%,$888.86,0,0,0,0,0.00%,0,0,0,2,0,0,0,0,$888.86,1,1,2
20210208,2021020816,$879.20,$117.00,7,0.00%,0.00%,12.50%,$109.90,0,0,0,0,0.00%,0,0,0,7,0,0,0,0,$879.20,1,0.14,1
20191226,2019122605,$875.98,$204.00,4,0.00%,0.00%,50.00%,$437.99,0,0,0,0,0.00%,0,0,0,4,0,0,0,0,$875.98,1,0.5,1
20191215,2019121514,$850.00,$238.93,1.5,0.00%,0.00%,20.00%,$170.00,0,0,0,0,0.00%,0,0,0,3,0,0,0,0,$850.00,1,0.2,2
20200711,2020071108,$845.92,$394.00,2,0.00%,0.00%,10.00%,$84.59,0,0,0,0,0.00%,0,0,0,2,0,0,0,0,$845.92,1,0.12,1
20200718,2020071809,$845.92,$394.00,2,0.00%,0.00%,11.11%,$93.99,0,0,0,0,0.00%,0,0,0,2,0,0,0,0,$845.92,1,0.14,1
20200718,2020071816,$845.92,$394.00,2,0.00%,0.00%,100.00%,$845.92,0,0,0,0,0.00%,0,0,0,2,0,0,0,0,$845.92,1,0.5,1
20200721,2020072116,$845.92,$394.00,2,0.00%,0.00%,33.33%,$281.97,0,0,0,0,0.00%,0,0,0,2,0,0,0,0,$845.92,1,0.33,1
20200820,2020082009,$845.92,$394.00,2,0.00%,0.00%,16.67%,$140.99,0,0,0,0,0.00%,0,0,0,2,0,0,0,0,$845.92,1,0.17,1
20200915,2020091506,$845.92,$394.00,2,0.00%,0.00%,100.00%,$845.92,0,0,0,0,0.00%,0,0,0,2,0,0,0,0,$845.92,1,1,1
20200904,2020090407,$835.18,$389.00,1,0.00%,0.00%,25.00%,$208.80,0,0,0,0,0.00%,0,0,0,2,0,0,0,0,$835.18,1,0.25,2
20190314,2019031405,$821.23,$255.00,3,0.00%,0.00%,20.00%,$164.25,0,0,0,0,0.00%,0,0,0,3,0,0,0,0,$821.23,1,0.2,1
20200918,2020091817,$796.54,$247.33,1.5,0.00%,0.00%,50.00%,$398.27,0,0,0,0,0.00%,0,0,0,3,0,0,0,0,$796.54,1,0.33,2
20210103,2021010316,$760.04,$236.00,3,0.00%,0.00%,25.00%,$190.01,0,0,0,0,0.00%,0,0,0,3,0,0,0,0,$760.04,1,0.25,1
20190612,2019061209,$738.57,$344.00,2,0.00%,0.00%,20.00%,$147.71,0,0,0,0,0.00%,0,0,0,2,0,0,0,0,$738.57,1,0.2,1
20200630,2020063009,$738.57,$344.00,1,0.00%,0.00%,20.00%,$147.71,0,0,0,0,0.00%,0,0,0,2,0,0,0,0,$738.57,1,0.17,2
20200703,2020070308,$738.57,$344.00,1,0.00%,0.00%,8.33%,$61.55,0,0,0,0,0.00%,0,0,0,2,0,0,0,0,$738.57,1,0.08,2
20200722,2020072210,$738.57,$344.00,1,0.00%,0.00%,11.11%,$82.06,0,0,0,0,0.00%,0,0,0,2,0,0,0,0,$738.57,1,0.14,2
20200729,2020072908,$738.57,$344.00,1,0.00%,0.00%,14.29%,$105.51,0,0,0,0,0.00%,0,0,0,2,0,0,0,0,$738.57,1,0.2,2
20200821,2020082108,$738.57,$344.00,1,0.00%,0.00%,33.33%,$246.19,0,0,0,0,0.00%,0,0,0,2,0,0,0,0,$738.57,1,0.5,2
20200922,2020092211,$738.57,$344.00,1,0.00%,0.00%,33.33%,$246.19,0,0,0,0,0.00%,0,0,0,2,0,0,0,0,$738.57,1,0.33,2
20190312,2019031212,$729.98,$128.00,5,0.00%,0.00%,20.00%,$146.00,0,0,0,0,0.00%,0,0,0,5,0,0,0,0,$729.98,1,0.2,1
20191211,2019121113,$725.69,$135.20,5,0.00%,0.00%,25.00%,$181.42,0,0,0,0,0.00%,0,0,0,5,0,0,0,0,$725.69,1,0.33,1
20201209,2020120906,$706.36,$219.33,1.5,0.00%,0.00%,100.00%,$706.36,0,0,0,0,0.00%,0,0,0,3,0,0,0,0,$706.36,1,0.5,2
20201231,2020123114,$695.63,$162.00,4,0.00%,0.00%,33.33%,$231.88,0,0,0,0,0.00%,0,0,0,4,0,0,0,0,$695.63,1,0.25,1
20191104,2019110407,$693.91,$161.60,2,0.00%,0.00%,50.00%,$346.96,0,0,0,0,0.00%,0,0,0,4,0,0,0,0,$693.91,1,0.33,2
20200612,2020061217,$689.19,$214.00,3,0.00%,0.00%,16.67%,$114.86,0,0,0,0,0.00%,0,0,0,3,0,0,0,0,$689.19,1,0.17,1
20200905,2020090512,$684.89,$319.00,1,0.00%,0.00%,20.00%,$136.98,0,0,0,0,0.00%,0,0,0,2,0,0,0,0,$684.89,1,0.2,2
20191214,2019121414,$682.75,$212.00,1.5,0.00%,0.00%,33.33%,$227.58,0,0,0,0,0.00%,0,0,0,3,0,0,0,0,$682.75,1,0.33,2
20200523,2020052318,$674.16,$314.00,2,0.00%,0.00%,0.00%,$0.00,0,0,0,0,0.00%,0,0,0,2,0,0,0,0,$674.16,1,1,1
20200611,2020061107,$674.16,$314.00,2,0.00%,0.00%,16.67%,$112.36,0,0,0,0,0.00%,0,0,0,2,0,0,0,0,$674.16,1,0.5,1
20200731,2020073108,$674.16,$314.00,2,0.00%,0.00%,12.50%,$84.27,0,0,0,0,0.00%,0,0,0,2,0,0,0,0,$674.16,1,0.14,1
20210321,2021032113,$674.16,$216.00,3,0.00%,0.00%,25.00%,$168.54,0,0,0,0,0.00%,0,0,0,3,0,0,0,0,$674.16,1,0.25,1
20190303,2019030316,$669.86,$156.00,2,0.00%,0.00%,25.00%,$167.46,0,0,0,0,0.00%,0,0,0,4,0,0,0,0,$669.86,1,0.25,2
20200108,2020010818,$644.10,$150.00,4,0.00%,0.00%,50.00%,$322.05,0,0,0,0,0.00%,0,0,0,4,0,0,0,0,$644.10,1,0.33,1
20190708,2019070809,$631.22,$294.00,2,0.00%,0.00%,25.00%,$157.80,0,0,0,0,0.00%,0,0,0,2,0,0,0,0,$631.22,1,0.25,1
20200629,2020062922,$631.22,$294.00,2,0.00%,0.00%,25.00%,$157.80,0,0,0,0,0.00%,0,0,0,2,0,0,0,0,$631.22,1,0.25,1
20200813,2020081310,$631.22,$294.00,2,0.00%,0.00%,50.00%,$315.61,0,0,0,0,0.00%,0,0,0,2,0,0,0,0,$631.22,1,0.5,1
20200904,2020090410,$631.22,$294.00,2,0.00%,0.00%,7.14%,$45.09,0,0,0,0,0.00%,0,0,0,2,0,0,0,0,$631.22,1,0.08,1
20200906,2020090610,$631.22,$294.00,2,0.00%,0.00%,10.00%,$63.12,0,0,0,0,0.00%,0,0,0,2,0,0,0,0,$631.22,1,0.1,1
20200906,2020090611,$631.22,$294.00,2,0.00%,0.00%,20.00%,$126.24,0,0,0,0,0.00%,0,0,0,2,0,0,0,0,$631.22,1,0.2,1
20200910,2020091015,$631.22,$294.00,2,0.00%,0.00%,33.33%,$210.41,0,0,0,0,0.00%,0,0,0,2,0,0,0,0,$631.22,1,0.33,1
20200915,2020091510,$631.22,$294.00,2,0.00%,0.00%,20.00%,$126.24,0,0,0,0,0.00%,0,0,0,2,0,0,0,0,$631.22,1,0.17,1
20200924,2020092418,$631.22,$294.00,2,0.00%,0.00%,50.00%,$315.61,0,0,0,0,0.00%,0,0,0,2,0,0,0,0,$631.22,1,0.33,1
20190703,2019070315,$620.48,$289.00,1,0.00%,0.00%,25.00%,$155.12,0,0,0,0,0.00%,0,0,0,2,0,0,0,0,$620.48,1,0.25,2
20190303,2019030311,$618.34,$144.00,4,0.00%,0.00%,0.00%,$0.00,0,0,0,0,0.00%,0,0,0,4,0,0,0,0,$618.34,1,1,1
20201207,2020120713,$579.69,$108.00,5,0.00%,0.00%,100.00%,$579.69,0,0,0,0,0.00%,0,0,0,5,0,0,0,0,$579.69,1,1,1
20200220,2020022010,$568.53,$264.80,2,0.00%,0.00%,20.00%,$113.71,0,0,0,0,0.00%,0,0,0,2,0,0,0,0,$568.53,1,0.2,1
20190916,2019091620,$566.81,$264.00,1,0.00%,0.00%,25.00%,$141.70,0,0,0,0,0.00%,0,0,0,2,0,0,0,0,$566.81,1,0.2,2
20200605,2020060508,$566.81,$264.00,1,0.00%,0.00%,50.00%,$283.40,0,0,0,0,0.00%,0,0,0,2,0,0,0,0,$566.81,1,0.5,2
20200727,2020072712,$566.81,$264.00,1,0.00%,0.00%,100.00%,$566.81,0,0,0,0,0.00%,0,0,0,2,0,0,0,0,$566.81,1,0.33,2
20200216,2020021618,$563.59,$137.14,3.5,0.00%,0.00%,33.33%,$187.86,0,0,0,0,0.00%,0,0,0,7,0,0,0,0,"$1,127.18",2,0.33,2
20201004,2020100409,$556.07,$259.00,2,0.00%,0.00%,12.50%,$69.51,0,0,0,0,0.00%,0,0,0,2,0,0,0,0,$556.07,1,0.14,1
20191215,2019121508,$517.60,$160.72,1.5,0.00%,0.00%,100.00%,$517.60,0,0,0,0,0.00%,0,0,0,3,0,0,0,0,$517.60,1,0.5,2
20200624,2020062415,$517.43,$361.50,1,0.00%,0.00%,50.00%,$258.71,0,0,0,0,0.00%,0,0,0,4,0,0,0,0,"$1,552.28",3,0.5,4
20190704,2019070408,$513.13,$239.00,1,0.00%,0.00%,25.00%,$128.28,0,0,0,0,0.00%,0,0,0,2,0,0,0,0,$513.13,1,0.33,2
20210202,2021020215,$509.91,$253.33,2,0.00%,0.00%,42.86%,$218.53,0,0,0,0,0.00%,0,0,0,6,0,0,0,0,"$1,529.74",3,0.38,3
20190204,2019020407,$508.84,$126.00,2,0.00%,0.00%,50.00%,$254.42,0,0,0,0,0.00%,0,0,0,4,0,0,0,0,$508.84,1,0.5,2
20200103,2020010306,$504.97,$156.80,3,0.00%,0.00%,50.00%,$252.48,0,0,0,0,0.00%,0,0,0,3,0,0,0,0,$504.97,1,0.5,1
20201223,2020122306,$502.40,$234.00,2,0.00%,0.00%,100.00%,$502.40,0,0,0,0,0.00%,0,0,0,2,0,0,0,0,$502.40,1,0.5,1
20190705,2019070511,$498.10,$464.00,1,0.00%,0.00%,33.33%,$166.03,0,0,0,0,0.00%,0,0,0,1,0,0,0,0,$498.10,1,0.5,1
20190718,2019071818,$498.10,$464.00,1,0.00%,0.00%,0.00%,$0.00,0,0,0,0,0.00%,0,0,0,1,0,0,0,0,$498.10,1,1,1
20190804,2019080416,$498.10,$464.00,1,0.00%,0.00%,50.00%,$249.05,0,0,0,0,0.00%,0,0,0,1,0,0,0,0,$498.10,1,0.33,1
20190812,2019081215,$498.10,$464.00,1,0.00%,0.00%,25.00%,$124.52,0,0,0,0,0.00%,0,0,0,1,0,0,0,0,$498.10,1,0.2,1
20191016,2019101611,$498.10,$464.00,1,0.00%,0.00%,33.33%,$166.03,0,0,0,0,0.00%,0,0,0,1,0,0,0,0,$498.10,1,0.33,1
20200604,2020060408,$498.10,$464.00,1,0.00%,0.00%,100.00%,$498.10,0,0,0,0,0.00%,0,0,0,1,0,0,0,0,$498.10,1,1,1
20200611,2020061118,$498.10,$464.00,1,0.00%,0.00%,50.00%,$249.05,0,0,0,0,0.00%,0,0,0,1,0,0,0,0,$498.10,1,0.5,1
20200616,2020061619,$498.10,$464.00,1,0.00%,0.00%,20.00%,$99.62,0,0,0,0,0.00%,0,0,0,1,0,0,0,0,$498.10,1,0.2,1
20200629,2020062902,$498.10,$464.00,1,0.00%,0.00%,100.00%,$498.10,0,0,0,0,0.00%,0,0,0,1,0,0,0,0,$498.10,1,1,1
20200630,2020063012,$498.10,$464.00,1,0.00%,0.00%,12.50%,$62.26,0,0,0,0,0.00%,0,0,0,1,0,0,0,0,$498.10,1,0.11,1
20200709,2020070916,$498.10,$464.00,1,0.00%,0.00%,16.67%,$83.02,0,0,0,0,0.00%,0,0,0,1,0,0,0,0,$498.10,1,0.17,1
20200730,2020073018,$498.10,$464.00,1,0.00%,0.00%,25.00%,$124.52,0,0,0,0,0.00%,0,0,0,1,0,0,0,0,$498.10,1,0.25,1
20200731,2020073116,$498.10,$464.00,1,0.00%,0.00%,100.00%,$498.10,0,0,0,0,0.00%,0,0,0,1,0,0,0,0,$498.10,1,0.33,1
20200804,2020080419,$498.10,$464.00,1,0.00%,0.00%,25.00%,$124.52,0,0,0,0,0.00%,0,0,0,1,0,0,0,0,$498.10,1,0.25,1
20200810,2020081015,$498.10,$464.00,1,0.00%,0.00%,20.00%,$99.62,0,0,0,0,0.00%,0,0,0,1,0,0,0,0,$498.10,1,0.2,1
20200827,2020082722,$498.10,$464.00,1,0.00%,0.00%,50.00%,$249.05,0,0,0,0,0.00%,0,0,0,1,0,0,0,0,$498.10,1,0.5,1
20200901,2020090108,$498.10,$464.00,1,0.00%,0.00%,33.33%,$166.03,0,0,0,0,0.00%,0,0,0,1,0,0,0,0,$498.10,1,0.33,1
20200902,2020090211,$498.10,$464.00,1,0.00%,0.00%,7.69%,$38.32,0,0,0,0,0.00%,0,0,0,1,0,0,0,0,$498.10,1,0.11,1
20201001,2020100117,$498.10,$464.00,1,0.00%,0.00%,16.67%,$83.02,0,0,0,0,0.00%,0,0,0,1,0,0,0,0,$498.10,1,0.12,1
20200919,2020091911,$494.88,$307.33,1,0.00%,0.00%,33.33%,$164.96,0,0,0,0,0.00%,0,0,0,3,0,0,0,0,$989.77,2,0.4,3
20210314,2021031414,$492.74,$153.00,1.5,0.00%,0.00%,33.33%,$164.25,0,0,0,0,0.00%,0,0,0,3,0,0,0,0,$492.74,1,0.33,2
20201007,2020100708,$491.66,$229.00,2,0.00%,0.00%,14.29%,$70.24,0,0,0,0,0.00%,0,0,0,2,0,0,0,0,$491.66,1,0.14,1
20210220,2021022012,$485.22,$226.00,1,0.00%,0.00%,33.33%,$161.74,0,0,0,0,0.00%,0,0,0,2,0,0,0,0,$485.22,1,0.33,2
20191231,2019123109,$484.15,$225.50,1,0.00%,0.00%,14.29%,$69.16,0,0,0,0,0.00%,0,0,0,2,0,0,0,0,$484.15,1,0.14,2
20190317,2019031721,$480.93,$112.00,4,0.00%,0.00%,20.00%,$96.19,0,0,0,0,0.00%,0,0,0,4,0,0,0,0,$480.93,1,0.2,1
20191216,2019121612,$479.86,$169.80,2.5,0.00%,0.00%,66.67%,$319.90,0,0,0,0,0.00%,0,0,0,5,0,0,0,0,$959.71,2,0.67,2
20191122,2019112207,$478.78,$178.40,2.5,0.00%,0.00%,0.00%,$0.00,0,0,0,0,0.00%,0,0,0,5,0,0,0,0,$957.56,2,2,2
20210321,2021032118,$473.41,$147.00,3,0.00%,0.00%,33.33%,$157.80,0,0,0,0,0.00%,0,0,0,3,0,0,0,0,$473.41,1,0.33,1
20200114,2020011411,$466.33,$217.20,2,0.00%,0.00%,20.00%,$93.27,0,0,0,0,0.00%,0,0,0,2,0,0,0,0,$466.33,1,0.2,1
20200201,2020020109,$466.33,$217.20,2,0.00%,0.00%,33.33%,$155.44,0,0,0,0,0.00%,0,0,0,2,0,0,0,0,$466.33,1,0.33,1
20201210,2020121008,$464.83,$433.00,1,0.00%,0.00%,25.00%,$116.21,0,0,0,0,0.00%,0,0,0,1,0,0,0,0,$464.83,1,0.25,1
20200629,2020062912,$460.53,$429.00,1,0.00%,0.00%,15.38%,$70.85,0,0,0,0,0.00%,0,0,0,2,0,0,0,0,$921.06,2,0.14,2
20201019,2020101911,$460.53,$429.00,1,0.00%,0.00%,16.67%,$76.76,0,0,0,0,0.00%,0,0,0,1,0,0,0,0,$460.53,1,0.17,1
20190620,2019062008,$459.46,$214.00,2,0.00%,0.00%,33.33%,$153.15,0,0,0,0,0.00%,0,0,0,2,0,0,0,0,$459.46,1,0.33,1
20200904,2020090414,$459.46,$214.00,2,0.00%,0.00%,9.09%,$41.77,0,0,0,0,0.00%,0,0,0,2,0,0,0,0,$459.46,1,0.1,1
20200909,2020090918,$459.46,$214.00,2,0.00%,0.00%,50.00%,$229.73,0,0,0,0,0.00%,0,0,0,2,0,0,0,0,$459.46,1,0.5,1
20191220,2019122015,$453.88,$206.40,2,0.00%,0.00%,150.00%,$680.82,0,0,0,0,0.00%,0,0,0,6,0,0,0,0,"$1,361.63",3,1.5,3
20200213,2020021314,$450.87,$150.00,3,0.00%,0.00%,25.00%,$112.72,0,0,0,0,0.00%,0,0,0,3,0,0,0,0,$450.87,1,0.17,1
20201228,2020122807,$449.08,$241.00,1.67,0.00%,0.00%,33.33%,$149.69,0,0,0,0,0.00%,0,0,0,5,0,0,0,0,"$1,347.24",3,0.33,3
20190223,2019022317,$446.58,$112.00,3,0.00%,0.00%,33.33%,$148.86,0,0,0,0,0.00%,0,0,0,3,0,0,0,0,$446.58,1,0.5,1
20190610,2019061016,$444.43,$414.00,1,0.00%,0.00%,100.00%,$444.43,0,0,0,0,0.00%,0,0,0,1,0,0,0,0,$444.43,1,1,1
20190619,2019061911,$444.43,$414.00,1,0.00%,0.00%,25.00%,$111.11,0,0,0,0,0.00%,0,0,0,1,0,0,0,0,$444.43,1,0.33,1
20190709,2019070915,$444.43,$414.00,1,0.00%,0.00%,33.33%,$148.14,0,0,0,0,0.00%,0,0,0,1,0,0,0,0,$444.43,1,0.33,1
20190714,2019071418,$444.43,$414.00,1,0.00%,0.00%,50.00%,$222.22,0,0,0,0,0.00%,0,0,0,1,0,0,0,0,$444.43,1,0.5,1
20200902,2020090220,$444.43,$414.00,1,0.00%,0.00%,50.00%,$222.22,0,0,0,0,0.00%,0,0,0,1,0,0,0,0,$444.43,1,0.33,1
20210123,2021012310,$435.84,$162.40,2.5,0.00%,0.00%,40.00%,$174.34,0,0,0,0,0.00%,0,0,0,5,0,0,0,0,$871.68,2,0.33,2
20200112,2020011217,$434.77,$135.00,3,0.00%,0.00%,33.33%,$144.92,0,0,0,0,0.00%,0,0,0,3,0,0,0,0,$434.77,1,0.33,1
20190213,2019021314,$428.33,$103.50,2,0.00%,0.00%,20.00%,$85.67,0,0,0,0,0.00%,0,0,0,4,0,0,0,0,$428.33,1,0.2,2
20190625,2019062511,$422.96,$394.00,1,0.00%,0.00%,20.00%,$84.59,0,0,0,0,0.00%,0,0,0,1,0,0,0,0,$422.96,1,0.2,1
20191002,2019100216,$422.96,$394.00,1,0.00%,0.00%,50.00%,$211.48,0,0,0,0,0.00%,0,0,0,1,0,0,0,0,$422.96,1,1,1
20191010,2019101020,$422.96,$394.00,1,0.00%,0.00%,50.00%,$211.48,0,0,0,0,0.00%,0,0,0,1,0,0,0,0,$422.96,1,0.5,1
20200627,2020062709,$422.96,$394.00,1,0.00%,0.00%,10.00%,$42.30,0,0,0,0,0.00%,0,0,0,1,0,0,0,0,$422.96,1,0.1,1
20200702,2020070209,$422.96,$394.00,1,0.00%,0.00%,50.00%,$211.48,0,0,0,0,0.00%,0,0,0,1,0,0,0,0,$422.96,1,0.5,1
20200702,2020070211,$422.96,$394.00,1,0.00%,0.00%,16.67%,$70.49,0,0,0,0,0.00%,0,0,0,1,0,0,0,0,$422.96,1,0.17,1
20200711,2020071113,$422.96,$394.00,1,0.00%,0.00%,10.00%,$42.30,0,0,0,0,0.00%,0,0,0,1,0,0,0,0,$422.96,1,0.1,1
20200714,2020071412,$422.96,$394.00,1,0.00%,0.00%,16.67%,$70.49,0,0,0,0,0.00%,0,0,0,1,0,0,0,0,$422.96,1,0.17,1
20200715,2020071513,$422.96,$394.00,1,0.00%,0.00%,25.00%,$105.74,0,0,0,0,0.00%,0,0,0,1,0,0,0,0,$422.96,1,0.25,1
20200717,2020071716,$422.96,$394.00,1,0.00%,0.00%,33.33%,$140.99,0,0,0,0,0.00%,0,0,0,1,0,0,0,0,$422.96,1,0.33,1
20200727,2020072713,$422.96,$394.00,1,0.00%,0.00%,12.50%,$52.87,0,0,0,0,0.00%,0,0,0,1,0,0,0,0,$422.96,1,0.14,1
20200801,2020080117,$422.96,$394.00,1,0.00%,0.00%,20.00%,$84.59,0,0,0,0,0.00%,0,0,0,1,0,0,0,0,$422.96,1,0.2,1
20200806,2020080619,$422.96,$394.00,1,0.00%,0.00%,9.09%,$38.45,0,0,0,0,0.00%,0,0,0,1,0,0,0,0,$422.96,1,0.11,1
20200808,2020080820,$422.96,$394.00,1,0.00%,0.00%,50.00%,$211.48,0,0,0,0,0.00%,0,0,0,1,0,0,0,0,$422.96,1,0.5,1
20200811,2020081109,$422.96,$394.00,1,0.00%,0.00%,25.00%,$105.74,0,0,0,0,0.00%,0,0,0,1,0,0,0,0,$422.96,1,0.25,1
20200817,2020081710,$422.96,$394.00,1,0.00%,0.00%,33.33%,$140.99,0,0,0,0,0.00%,0,0,0,1,0,0,0,0,$422.96,1,0.33,1
20200919,2020091906,$422.96,$394.00,1,0.00%,0.00%,33.33%,$140.99,0,0,0,0,0.00%,0,0,0,1,0,0,0,0,$422.96,1,0.33,1
20200922,2020092216,$422.96,$394.00,1,0.00%,0.00%,33.33%,$140.99,0,0,0,0,0.00%,0,0,0,1,0,0,0,0,$422.96,1,0.33,1
20200928,2020092815,$422.96,$394.00,1,0.00%,0.00%,25.00%,$105.74,0,0,0,0,0.00%,0,0,0,1,0,0,0,0,$422.96,1,0.25,1
20201002,2020100208,$422.96,$394.00,1,0.00%,0.00%,33.33%,$140.99,0,0,0,0,0.00%,0,0,0,1,0,0,0,0,$422.96,1,0.33,1
20201002,2020100214,$422.96,$394.00,1,0.00%,0.00%,50.00%,$211.48,0,0,0,0,0.00%,0,0,0,1,0,0,0,0,$422.96,1,0.5,1
20210128,2021012811,$420.82,$156.80,1.25,0.00%,0.00%,50.00%,$210.41,0,0,0,0,0.00%,0,0,0,5,0,0,0,0,$841.63,2,0.4,4
20200208,2020020808,$418.66,$195.00,2,0.00%,0.00%,50.00%,$209.33,0,0,0,0,0.00%,0,0,0,2,0,0,0,0,$418.66,1,0.5,1
20210215,2021021510,$415.98,$193.75,1.33,0.00%,0.00%,100.00%,$415.98,0,0,0,0,0.00%,0,0,0,4,0,0,0,0,$831.96,2,0.67,3
20200131,2020013115,$413.30,$133.33,3,0.00%,0.00%,33.33%,$137.77,0,0,0,0,0.00%,0,0,0,6,0,0,0,0,$826.60,2,0.4,2
20210224,2021022411,$412.22,$128.00,3,0.00%,0.00%,33.33%,$137.41,0,0,0,0,0.00%,0,0,0,3,0,0,0,0,$412.22,1,0.25,1
20201229,2020122921,$401.49,$108.00,3,0.00%,0.00%,33.33%,$133.83,0,0,0,0,0.00%,0,0,0,3,0,0,0,0,$401.49,1,0.33,1
20190215,2019021508,$399.34,$148.80,2.5,0.00%,0.00%,200.00%,$798.68,0,0,0,0,0.00%,0,0,0,5,0,0,0,0,$798.68,2,1,2
20210223,2021022321,$395.05,$184.00,2,0.00%,0.00%,100.00%,$395.05,0,0,0,0,0.00%,0,0,0,2,0,0,0,0,$395.05,1,1,1
20191117,2019111709,$394.51,$183.75,2,0.00%,0.00%,100.00%,$394.51,0,0,0,0,0.00%,0,0,0,4,0,0,0,0,$789.02,2,1,2
20190401,2019040114,$390.75,$364.00,1,0.00%,0.00%,33.33%,$130.25,0,0,0,0,0.00%,0,0,0,1,0,0,0,0,$390.75,1,0.33,1
20200614,2020061422,$390.75,$364.00,1,0.00%,0.00%,33.33%,$130.25,0,0,0,0,0.00%,0,0,0,1,0,0,0,0,$390.75,1,0.5,1
20200723,2020072314,$390.75,$364.00,1,0.00%,0.00%,7.14%,$27.91,0,0,0,0,0.00%,0,0,0,1,0,0,0,0,$390.75,1,0.1,1
20200817,2020081714,$390.75,$364.00,1,0.00%,0.00%,33.33%,$130.25,0,0,0,0,0.00%,0,0,0,1,0,0,0,0,$390.75,1,0.33,1
20200820,2020082010,$390.75,$364.00,1,0.00%,0.00%,40.00%,$156.30,0,0,0,0,0.00%,0,0,0,2,0,0,0,0,$781.50,2,0.5,2
20200903,2020090310,$390.75,$364.00,1,0.00%,0.00%,12.50%,$48.84,0,0,0,0,0.00%,0,0,0,1,0,0,0,0,$390.75,1,0.14,1
20200903,2020090319,$390.75,$364.00,1,0.00%,0.00%,50.00%,$195.38,0,0,0,0,0.00%,0,0,0,1,0,0,0,0,$390.75,1,0.5,1
20200916,2020091609,$390.75,$364.00,1,0.00%,0.00%,0.00%,$0.00,0,0,0,0,0.00%,0,0,0,1,0,0,0,0,$390.75,1,1,1
20200930,2020093019,$390.75,$364.00,1,0.00%,0.00%,25.00%,$97.69,0,0,0,0,0.00%,0,0,0,1,0,0,0,0,$390.75,1,0.25,1
20200114,2020011405,$388.61,$181.00,2,0.00%,0.00%,50.00%,$194.30,0,0,0,0,0.00%,0,0,0,2,0,0,0,0,$388.61,1,0.5,1
20190223,2019022312,$386.46,$180.00,2,0.00%,0.00%,100.00%,$386.46,0,0,0,0,0.00%,0,0,0,2,0,0,0,0,$386.46,1,1,1
20200101,2020010119,$383.24,$178.50,2,0.00%,0.00%,33.33%,$127.74,0,0,0,0,0.00%,0,0,0,4,0,0,0,0,$766.47,2,0.4,2
20200112,2020011215,$380.02,$177.00,2,0.00%,0.00%,25.00%,$95.00,0,0,0,0,0.00%,0,0,0,2,0,0,0,0,$380.02,1,0.33,1
20200925,2020092512,$380.02,$354.00,1,0.00%,0.00%,22.22%,$84.45,0,0,0,0,0.00%,0,0,0,2,0,0,0,0,$760.04,2,0.33,2
20210129,2021012906,$377.87,$176.00,2,0.00%,0.00%,50.00%,$188.94,0,0,0,0,0.00%,0,0,0,2,0,0,0,0,$377.87,1,0.5,1
20190214,2019021413,$375.72,$70.00,5,0.00%,0.00%,20.00%,$75.14,0,0,0,0,0.00%,0,0,0,5,0,0,0,0,$375.72,1,0.2,1
20190307,2019030717,$373.58,$174.00,1,0.00%,0.00%,25.00%,$93.40,0,0,0,0,0.00%,0,0,0,2,0,0,0,0,$373.58,1,0.33,2
20200119,2020011918,$371.97,$346.50,1,0.00%,0.00%,50.00%,$185.98,0,0,0,0,0.00%,0,0,0,1,0,0,0,0,$371.97,1,0.33,1
20190227,2019022708,$371.00,$138.24,2.5,0.00%,0.00%,100.00%,$371.00,0,0,0,0,0.00%,0,0,0,5,0,0,0,0,$742.01,2,1,2
20190806,2019080608,$369.28,$344.00,1,0.00%,0.00%,20.00%,$73.86,0,0,0,0,0.00%,0,0,0,1,0,0,0,0,$369.28,1,0.2,1
20200902,2020090212,$369.28,$344.00,1,0.00%,0.00%,25.00%,$92.32,0,0,0,0,0.00%,0,0,0,1,0,0,0,0,$369.28,1,0.2,1
20200828,2020082814,$363.92,$339.00,1,0.00%,0.00%,40.00%,$145.57,0,0,0,0,0.00%,0,0,0,2,0,0,0,0,$727.83,2,0.5,2
20190310,2019031007,$360.70,$168.00,1,0.00%,0.00%,50.00%,$180.35,0,0,0,0,0.00%,0,0,0,2,0,0,0,0,$360.70,1,0.5,2
20210124,2021012417,$360.70,$168.00,2,0.00%,0.00%,33.33%,$120.23,0,0,0,0,0.00%,0,0,0,2,0,0,0,0,$360.70,1,0.33,1
20210127,2021012708,$357.48,$144.00,2,0.00%,0.00%,50.00%,$178.74,0,0,0,0,0.00%,0,0,0,2,0,0,0,0,$357.48,1,0.5,1
20201208,2020120816,$355.60,$189.29,1.75,0.00%,0.00%,0.00%,$0.00,0,0,0,0,0.00%,0,0,0,7,0,0,0,0,"$1,422.38",4,4,4
20210327,2021032709,$354.25,$165.00,2,0.00%,0.00%,200.00%,$708.50,0,0,0,0,0.00%,0,0,0,4,0,0,0,0,$708.50,2,2,2
20201006,2020100609,$353.18,$329.00,1,0.00%,0.00%,25.00%,$88.30,0,0,0,0,0.00%,0,0,0,1,0,0,0,0,$353.18,1,0.25,1
20201007,2020100711,$353.18,$329.00,1,0.00%,0.00%,33.33%,$117.73,0,0,0,0,0.00%,0,0,0,1,0,0,0,0,$353.18,1,0.33,1
20201008,2020100808,$353.18,$329.00,1,0.00%,0.00%,3.45%,$12.18,0,0,0,0,0.00%,0,0,0,1,0,0,0,0,$353.18,1,0.03,1
20201010,2020101007,$353.18,$329.00,1,0.00%,0.00%,1.92%,$6.79,0,0,0,0,0.00%,0,0,0,1,0,0,0,0,$353.18,1,0.02,1
20201011,2020101117,$353.18,$329.00,1,0.00%,0.00%,20.00%,$70.64,0,0,0,0,0.00%,0,0,0,1,0,0,0,0,$353.18,1,0.2,1
20201014,2020101411,$353.18,$329.00,1,0.00%,0.00%,25.00%,$88.30,0,0,0,0,0.00%,0,0,0,1,0,0,0,0,$353.18,1,0.33,1
20201015,2020101513,$353.18,$329.00,1,0.00%,0.00%,50.00%,$176.59,0,0,0,0,0.00%,0,0,0,1,0,0,0,0,$353.18,1,0.5,1
20201022,2020102216,$353.18,$329.00,1,0.00%,0.00%,50.00%,$176.59,0,0,0,0,0.00%,0,0,0,1,0,0,0,0,$353.18,1,0.5,1
20201103,2020110319,$353.18,$329.00,1,0.00%,0.00%,50.00%,$176.59,0,0,0,0,0.00%,0,0,0,1,0,0,0,0,$353.18,1,0.5,1
20201104,2020110420,$353.18,$329.00,1,0.00%,0.00%,50.00%,$176.59,0,0,0,0,0.00%,0,0,0,1,0,0,0,0,$353.18,1,0.5,1
20210125,2021012506,$352.64,$168.00,1.33,0.00%,0.00%,50.00%,$176.32,0,0,0,0,0.00%,0,0,0,4,0,0,0,0,$705.29,2,0.5,3
20190215,2019021511,$352.11,$164.00,2,0.00%,0.00%,25.00%,$88.03,0,0,0,0,0.00%,0,0,0,2,0,0,0,0,$352.11,1,0.25,1
20200312,2020031208,$352.11,$164.00,2,0.00%,0.00%,50.00%,$176.06,0,0,0,0,0.00%,0,0,0,2,0,0,0,0,$352.11,1,0.5,1
20200112,2020011214,$348.89,$162.50,1,0.00%,0.00%,20.00%,$69.78,0,0,0,0,0.00%,0,0,0,2,0,0,0,0,$348.89,1,0.2,2
20190213,2019021311,$347.81,$162.00,2,0.00%,0.00%,20.00%,$69.56,0,0,0,0,0.00%,0,0,0,2,0,0,0,0,$347.81,1,0.2,1
20200101,2020010117,$347.81,$162.00,2,0.00%,0.00%,33.33%,$115.94,0,0,0,0,0.00%,0,0,0,2,0,0,0,0,$347.81,1,0.5,1
20210103,2021010310,$347.81,$162.00,2,0.00%,0.00%,20.00%,$69.56,0,0,0,0,0.00%,0,0,0,2,0,0,0,0,$347.81,1,0.2,1
20210207,2021020720,$343.52,$213.33,1.5,0.00%,0.00%,200.00%,$687.04,0,0,0,0,0.00%,0,0,0,3,0,0,0,0,$687.04,2,2,2
20201205,2020120518,$341.91,$127.40,2.5,0.00%,0.00%,50.00%,$170.96,0,0,0,0,0.00%,0,0,0,5,0,0,0,0,$683.82,2,0.67,2
20210303,2021030320,$341.37,$116.00,3,0.00%,0.00%,33.33%,$113.79,0,0,0,0,0.00%,0,0,0,3,0,0,0,0,$341.37,1,0.33,1
20190221,2019022114,$340.08,$105.60,1.5,0.00%,0.00%,12.50%,$42.51,0,0,0,0,0.00%,0,0,0,3,0,0,0,0,$340.08,1,0.17,2
20190630,2019063018,$337.08,$314.00,1,0.00%,0.00%,50.00%,$168.54,0,0,0,0,0.00%,0,0,0,1,0,0,0,0,$337.08,1,0.5,1
20190807,2019080719,$337.08,$314.00,1,0.00%,0.00%,50.00%,$168.54,0,0,0,0,0.00%,0,0,0,1,0,0,0,0,$337.08,1,0.5,1
20190808,2019080816,$337.08,$314.00,1,0.00%,0.00%,25.00%,$84.27,0,0,0,0,0.00%,0,0,0,1,0,0,0,0,$337.08,1,0.25,1
20190811,2019081109,$337.08,$314.00,1,0.00%,0.00%,50.00%,$168.54,0,0,0,0,0.00%,0,0,0,1,0,0,0,0,$337.08,1,0.5,1
20190829,2019082911,$337.08,$314.00,1,0.00%,0.00%,33.33%,$112.36,0,0,0,0,0.00%,0,0,0,1,0,0,0,0,$337.08,1,0.33,1
20191010,2019101012,$337.08,$314.00,1,0.00%,0.00%,33.33%,$112.36,0,0,0,0,0.00%,0,0,0,1,0,0,0,0,$337.08,1,0.33,1
20191016,2019101608,$337.08,$314.00,1,0.00%,0.00%,50.00%,$168.54,0,0,0,0,0.00%,0,0,0,1,0,0,0,0,$337.08,1,0.5,1
20191109,2019110916,$337.08,$314.00,1,0.00%,0.00%,25.00%,$84.27,0,0,0,0,0.00%,0,0,0,1,0,0,0,0,$337.08,1,0.5,1
20200602,2020060216,$337.08,$314.00,1,0.00%,0.00%,100.00%,$337.08,0,0,0,0,0.00%,0,0,0,1,0,0,0,0,$337.08,1,0.5,1
20200607,2020060721,$337.08,$314.00,1,0.00%,0.00%,50.00%,$168.54,0,0,0,0,0.00%,0,0,0,1,0,0,0,0,$337.08,1,0.5,1
20200617,2020061705,$337.08,$314.00,1,0.00%,0.00%,100.00%,$337.08,0,0,0,0,0.00%,0,0,0,1,0,0,0,0,$337.08,1,1,1
20200617,2020061714,$337.08,$314.00,1,0.00%,0.00%,100.00%,$337.08,0,0,0,0,0.00%,0,0,0,1,0,0,0,0,$337.08,1,1,1
20200705,2020070509,$337.08,$314.00,1,0.00%,0.00%,33.33%,$112.36,0,0,0,0,0.00%,0,0,0,1,0,0,0,0,$337.08,1,0.33,1
20200706,2020070610,$337.08,$314.00,1,0.00%,0.00%,33.33%,$112.36,0,0,0,0,0.00%,0,0,0,1,0,0,0,0,$337.08,1,0.33,1
20200710,2020071015,$337.08,$314.00,1,0.00%,0.00%,50.00%,$168.54,0,0,0,0,0.00%,0,0,0,1,0,0,0,0,$337.08,1,0.5,1
20200718,2020071807,$337.08,$314.00,1,0.00%,0.00%,14.29%,$48.15,0,0,0,0,0.00%,0,0,0,1,0,0,0,0,$337.08,1,0.2,1
20200725,2020072511,$337.08,$314.00,1,0.00%,0.00%,25.00%,$84.27,0,0,0,0,0.00%,0,0,0,1,0,0,0,0,$337.08,1,0.2,1
20200726,2020072610,$337.08,$314.00,1,0.00%,0.00%,25.00%,$84.27,0,0,0,0,0.00%,0,0,0,1,0,0,0,0,$337.08,1,0.25,1
20200805,2020080511,$337.08,$314.00,1,0.00%,0.00%,25.00%,$84.27,0,0,0,0,0.00%,0,0,0,1,0,0,0,0,$337.08,1,0.25,1
20200821,2020082109,$337.08,$314.00,1,0.00%,0.00%,25.00%,$84.27,0,0,0,0,0.00%,0,0,0,1,0,0,0,0,$337.08,1,0.33,1
20200906,2020090615,$337.08,$314.00,1,0.00%,0.00%,14.29%,$48.15,0,0,0,0,0.00%,0,0,0,1,0,0,0,0,$337.08,1,0.14,1
20200910,2020091008,$337.08,$314.00,1,0.00%,0.00%,25.00%,$84.27,0,0,0,0,0.00%,0,0,0,1,0,0,0,0,$337.08,1,0.25,1
20200917,2020091713,$337.08,$314.00,1,0.00%,0.00%,33.33%,$112.36,0,0,0,0,0.00%,0,0,0,1,0,0,0,0,$337.08,1,0.5,1
20200917,2020091720,$337.08,$314.00,1,0.00%,0.00%,33.33%,$112.36,0,0,0,0,0.00%,0,0,0,1,0,0,0,0,$337.08,1,0.25,1
20200923,2020092312,$337.08,$314.00,1,0.00%,0.00%,25.00%,$84.27,0,0,0,0,0.00%,0,0,0,1,0,0,0,0,$337.08,1,0.33,1
20200928,2020092818,$337.08,$314.00,1,0.00%,0.00%,50.00%,$168.54,0,0,0,0,0.00%,0,0,0,1,0,0,0,0,$337.08,1,1,1
20190128,2019012815,$334.93,$156.00,2,0.00%,0.00%,33.33%,$111.64,0,0,0,0,0.00%,0,0,0,2,0,0,0,0,$334.93,1,0.25,1
20200221,2020022111,$334.93,$156.00,2,0.00%,0.00%,33.33%,$111.64,0,0,0,0,0.00%,0,0,0,2,0,0,0,0,$334.93,1,0.33,1
20210125,2021012510,$334.93,$156.00,2,0.00%,0.00%,50.00%,$167.46,0,0,0,0,0.00%,0,0,0,2,0,0,0,0,$334.93,1,0.33,1
20200904,2020090419,$326.34,$304.00,1,0.00%,0.00%,28.57%,$93.24,0,0,0,0,0.00%,0,0,0,2,0,0,0,0,$652.69,2,0.33,2
20201109,2020110913,$326.34,$304.00,1,0.00%,0.00%,100.00%,$326.34,0,0,0,0,0.00%,0,0,0,2,0,0,0,0,$652.69,2,1,2
20210308,2021030807,$324.20,$201.33,1.5,0.00%,0.00%,100.00%,$324.20,0,0,0,0,0.00%,0,0,0,3,0,0,0,0,$648.39,2,0.4,2
20190502,2019050223,$315.61,$294.00,1,0.00%,0.00%,50.00%,$157.80,0,0,0,0,0.00%,0,0,0,1,0,0,0,0,$315.61,1,0.5,1
20190531,2019053108,$315.61,$294.00,1,0.00%,0.00%,25.00%,$78.90,0,0,0,0,0.00%,0,0,0,1,0,0,0,0,$315.61,1,0.33,1
20190629,2019062918,$315.61,$294.00,1,0.00%,0.00%,50.00%,$157.80,0,0,0,0,0.00%,0,0,0,1,0,0,0,0,$315.61,1,0.5,1
20190708,2019070818,$315.61,$294.00,1,0.00%,0.00%,20.00%,$63.12,0,0,0,0,0.00%,0,0,0,1,0,0,0,0,$315.61,1,0.2,1
20190713,2019071307,$315.61,$294.00,1,0.00%,0.00%,33.33%,$105.20,0,0,0,0,0.00%,0,0,0,1,0,0,0,0,$315.61,1,0.5,1
20190831,2019083115,$315.61,$294.00,1,0.00%,0.00%,20.00%,$63.12,0,0,0,0,0.00%,0,0,0,1,0,0,0,0,$315.61,1,0.2,1
20190907,2019090708,$315.61,$294.00,1,0.00%,0.00%,100.00%,$315.61,0,0,0,0,0.00%,0,0,0,1,0,0,0,0,$315.61,1,0.5,1
20191003,2019100322,$315.61,$294.00,1,0.00%,0.00%,50.00%,$157.80,0,0,0,0,0.00%,0,0,0,1,0,0,0,0,$315.61,1,0.5,1
20191008,2019100809,$315.61,$294.00,1,0.00%,0.00%,0.00%,$0.00,0,0,0,0,0.00%,0,0,0,1,0,0,0,0,$315.61,1,1,1
20200522,2020052218,$315.61,$294.00,1,0.00%,0.00%,50.00%,$157.80,0,0,0,0,0.00%,0,0,0,1,0,0,0,0,$315.61,1,0.5,1
20200529,2020052912,$315.61,$294.00,1,0.00%,0.00%,0.00%,$0.00,0,0,0,0,0.00%,0,0,0,1,0,0,0,0,$315.61,1,1,1
20200616,2020061611,$315.61,$294.00,1,0.00%,0.00%,50.00%,$157.80,0,0,0,0,0.00%,0,0,0,1,0,0,0,0,$315.61,1,0.33,1
20200617,2020061711,$315.61,$294.00,1,0.00%,0.00%,50.00%,$157.80,0,0,0,0,0.00%,0,0,0,1,0,0,0,0,$315.61,1,0.33,1
20200624,2020062408,$315.61,$294.00,1,0.00%,0.00%,100.00%,$315.61,0,0,0,0,0.00%,0,0,0,1,0,0,0,0,$315.61,1,1,1
20200624,2020062410,$315.61,$294.00,1,0.00%,0.00%,16.67%,$52.60,0,0,0,0,0.00%,0,0,0,1,0,0,0,0,$315.61,1,0.14,1
20200706,2020070618,$315.61,$294.00,1,0.00%,0.00%,25.00%,$78.90,0,0,0,0,0.00%,0,0,0,1,0,0,0,0,$315.61,1,0.5,1
20200719,2020071921,$315.61,$294.00,1,0.00%,0.00%,33.33%,$105.20,0,0,0,0,0.00%,0,0,0,1,0,0,0,0,$315.61,1,0.25,1
20200719,2020071922,$315.61,$294.00,1,0.00%,0.00%,33.33%,$105.20,0,0,0,0,0.00%,0,0,0,1,0,0,0,0,$315.61,1,0.33,1
20200721,2020072113,$315.61,$294.00,1,0.00%,0.00%,20.00%,$63.12,0,0,0,0,0.00%,0,0,0,1,0,0,0,0,$315.61,1,0.2,1
20200722,2020072216,$315.61,$294.00,1,0.00%,0.00%,50.00%,$157.80,0,0,0,0,0.00%,0,0,0,1,0,0,0,0,$315.61,1,0.33,1
20200730,2020073013,$315.61,$294.00,1,0.00%,0.00%,25.00%,$78.90,0,0,0,0,0.00%,0,0,0,1,0,0,0,0,$315.61,1,0.25,1
20200803,2020080307,$315.61,$294.00,1,0.00%,0.00%,25.00%,$78.90,0,0,0,0,0.00%,0,0,0,1,0,0,0,0,$315.61,1,0.25,1
20200807,2020080714,$315.61,$294.00,1,0.00%,0.00%,20.00%,$63.12,0,0,0,0,0.00%,0,0,0,1,0,0,0,0,$315.61,1,0.17,1
20200809,2020080918,$315.61,$294.00,1,0.00%,0.00%,16.67%,$52.60,0,0,0,0,0.00%,0,0,0,1,0,0,0,0,$315.61,1,0.14,1
20200810,2020081010,$315.61,$294.00,1,0.00%,0.00%,9.09%,$28.69,0,0,0,0,0.00%,0,0,0,1,0,0,0,0,$315.61,1,0.09,1
20200819,2020081915,$315.61,$294.00,1,0.00%,0.00%,33.33%,$105.20,0,0,0,0,0.00%,0,0,0,1,0,0,0,0,$315.61,1,0.25,1
20200821,2020082113,$315.61,$294.00,1,0.00%,0.00%,25.00%,$78.90,0,0,0,0,0.00%,0,0,0,1,0,0,0,0,$315.61,1,0.33,1
20200829,2020082912,$315.61,$294.00,1,0.00%,0.00%,50.00%,$157.80,0,0,0,0,0.00%,0,0,0,1,0,0,0,0,$315.61,1,0.5,1
20200831,2020083109,$315.61,$294.00,1,0.00%,0.00%,12.50%,$39.45,0,0,0,0,0.00%,0,0,0,1,0,0,0,0,$315.61,1,0.17,1
20200902,2020090213,$315.61,$294.00,1,0.00%,0.00%,28.57%,$90.17,0,0,0,0,0.00%,0,0,0,2,0,0,0,0,$631.22,2,0.25,2
20200915,2020091507,$315.61,$294.00,1,0.00%,0.00%,20.00%,$63.12,0,0,0,0,0.00%,0,0,0,1,0,0,0,0,$315.61,1,0.25,1
20200916,2020091617,$315.61,$294.00,1,0.00%,0.00%,25.00%,$78.90,0,0,0,0,0.00%,0,0,0,1,0,0,0,0,$315.61,1,0.33,1
20200923,2020092313,$315.61,$294.00,1,0.00%,0.00%,14.29%,$45.09,0,0,0,0,0.00%,0,0,0,1,0,0,0,0,$315.61,1,0.2,1
20200930,2020093018,$315.61,$294.00,1,0.00%,0.00%,50.00%,$157.80,0,0,0,0,0.00%,0,0,0,1,0,0,0,0,$315.61,1,0.5,1
20201002,2020100217,$315.61,$294.00,1,0.00%,0.00%,25.00%,$78.90,0,0,0,0,0.00%,0,0,0,1,0,0,0,0,$315.61,1,0.25,1
20210315,2021031519,$315.61,$147.00,2,0.00%,0.00%,33.33%,$105.20,0,0,0,0,0.00%,0,0,0,2,0,0,0,0,$315.61,1,0.33,1
20210210,2021021014,$312.39,$97.00,2,0.00%,0.00%,40.00%,$124.96,0,0,0,0,0.00%,0,0,0,6,0,0,0,0,$624.78,2,0.4,3
20200307,2020030720,$310.89,$144.80,2,0.00%,0.00%,50.00%,$155.44,0,0,0,0,0.00%,0,0,0,2,0,0,0,0,$310.89,1,0.5,1
20190130,2019013013,$309.17,$144.00,2,0.00%,0.00%,25.00%,$77.29,0,0,0,0,0.00%,0,0,0,2,0,0,0,0,$309.17,1,0.25,1
20191210,2019121016,$309.17,$144.00,2,0.00%,0.00%,0.00%,$0.00,0,0,0,0,0.00%,0,0,0,2,0,0,0,0,$309.17,1,1,1
20191231,2019123114,$309.17,$144.00,2,0.00%,0.00%,14.29%,$44.17,0,0,0,0,0.00%,0,0,0,2,0,0,0,0,$309.17,1,0.12,1
20191231,2019123110,$305.94,$285.00,1,0.00%,0.00%,33.33%,$101.98,0,0,0,0,0.00%,0,0,0,2,0,0,0,0,$611.89,2,0.25,2
20201210,2020121017,$305.41,$113.80,1.25,0.00%,0.00%,0.00%,$0.00,0,0,0,0,0.00%,0,0,0,5,0,0,0,0,$610.82,2,2,4
20200106,2020010611,$305.09,$142.10,2,0.00%,0.00%,25.00%,$76.27,0,0,0,0,0.00%,0,0,0,2,0,0,0,0,$305.09,1,0.25,1
20190306,2019030617,$299.83,$186.20,1.5,0.00%,0.00%,66.67%,$199.89,0,0,0,0,0.00%,0,0,0,3,0,0,0,0,$599.66,2,0.67,2
20201013,2020101317,$299.50,$279.00,1,0.00%,0.00%,28.57%,$85.57,0,0,0,0,0.00%,0,0,0,2,0,0,0,0,$599.01,2,0.67,2
20190204,2019020406,$297.36,$110.80,1.25,0.00%,0.00%,200.00%,$594.72,0,0,0,0,0.00%,0,0,0,5,0,0,0,0,$594.72,2,2,4
20191221,2019122118,$297.14,$138.40,1,0.00%,0.00%,25.00%,$74.28,0,0,0,0,0.00%,0,0,0,2,0,0,0,0,$297.14,1,0.25,2
20200123,2020012314,$296.82,$184.33,1,0.00%,0.00%,50.00%,$148.41,0,0,0,0,0.00%,0,0,0,3,0,0,0,0,$593.64,2,0.5,3
20200228,2020022817,$296.44,$184.10,1.5,0.00%,0.00%,50.00%,$148.22,0,0,0,0,0.00%,0,0,0,3,0,0,0,0,$592.89,2,0.4,2
20210125,2021012514,$296.29,$276.00,1,0.00%,0.00%,33.33%,$98.76,0,0,0,0,0.00%,0,0,0,1,0,0,0,0,$296.29,1,0.25,1
20210113,2021011308,$291.99,$272.00,1,0.00%,0.00%,14.29%,$41.71,0,0,0,0,0.00%,0,0,0,1,0,0,0,0,$291.99,1,0.14,1
20200301,2020030115,$291.78,$181.20,1.5,0.00%,0.00%,66.67%,$194.52,0,0,0,0,0.00%,0,0,0,3,0,0,0,0,$583.55,2,0.5,2
20191216,2019121616,$289.84,$135.00,2,0.00%,0.00%,16.67%,$48.31,0,0,0,0,0.00%,0,0,0,2,0,0,0,0,$289.84,1,0.17,1
20200111,2020011113,$289.84,$135.00,2,0.00%,0.00%,50.00%,$144.92,0,0,0,0,0.00%,0,0,0,2,0,0,0,0,$289.84,1,0.5,1
20200212,2020021219,$289.84,$108.00,2.5,0.00%,0.00%,100.00%,$289.84,0,0,0,0,0.00%,0,0,0,5,0,0,0,0,$579.68,2,1,2
20201219,2020121913,$284.48,$265.00,1,0.00%,0.00%,50.00%,$142.24,0,0,0,0,0.00%,0,0,0,1,0,0,0,0,$284.48,1,0.5,1
20210110,2021011016,$284.48,$265.00,1,0.00%,0.00%,20.00%,$56.90,0,0,0,0,0.00%,0,0,0,1,0,0,0,0,$284.48,1,0.25,1
20210111,2021011109,$284.48,$265.00,1,0.00%,0.00%,16.67%,$47.41,0,0,0,0,0.00%,0,0,0,1,0,0,0,0,$284.48,1,0.17,1
20200715,2020071515,$283.40,$264.00,1,0.00%,0.00%,25.00%,$70.85,0,0,0,0,0.00%,0,0,0,2,0,0,0,0,$566.81,2,0.33,2
20200926,2020092617,$283.40,$264.00,1,0.00%,0.00%,33.33%,$94.47,0,0,0,0,0.00%,0,0,0,2,0,0,0,0,$566.81,2,0.33,2
20190613,2019061321,$283.40,$264.00,1,0.00%,0.00%,33.33%,$94.47,0,0,0,0,0.00%,0,0,0,1,0,0,0,0,$283.40,1,0.33,1
20190628,2019062809,$283.40,$264.00,1,0.00%,0.00%,14.29%,$40.49,0,0,0,0,0.00%,0,0,0,1,0,0,0,0,$283.40,1,0.2,1
20190702,2019070213,$283.40,$264.00,1,0.00%,0.00%,16.67%,$47.23,0,0,0,0,0.00%,0,0,0,1,0,0,0,0,$283.40,1,0.17,1
20190725,2019072519,$283.40,$264.00,1,0.00%,0.00%,25.00%,$70.85,0,0,0,0,0.00%,0,0,0,1,0,0,0,0,$283.40,1,0.25,1
20200205,2020020509,$283.40,$264.00,1,0.00%,0.00%,14.29%,$40.49,0,0,0,0,0.00%,0,0,0,1,0,0,0,0,$283.40,1,0.17,1
20200909,2020090916,$283.40,$264.00,1,0.00%,0.00%,33.33%,$94.47,0,0,0,0,0.00%,0,0,0,1,0,0,0,0,$283.40,1,0.33,1
20190225,2019022506,$280.18,$104.40,2.5,0.00%,0.00%,200.00%,$560.37,0,0,0,0,0.00%,0,0,0,5,0,0,0,0,$560.37,2,2,2
20191212,2019121209,$280.18,$108.00,2,0.00%,0.00%,50.00%,$140.09,0,0,0,0,0.00%,0,0,0,2,0,0,0,0,$280.18,1,0.5,1
20190319,2019031914,$279.11,$260.00,1,0.00%,0.00%,100.00%,$279.11,0,0,0,0,0.00%,0,0,0,1,0,0,0,0,$279.11,1,0.5,1
20210128,2021012814,$279.11,$130.00,2,0.00%,0.00%,20.00%,$55.82,0,0,0,0,0.00%,0,0,0,2,0,0,0,0,$279.11,1,0.2,1
20200311,2020031111,$278.04,$172.67,1.5,0.00%,0.00%,100.00%,$278.04,0,0,0,0,0.00%,0,0,0,3,0,0,0,0,$556.07,2,0.67,2
20201206,2020120616,$276.96,$129.00,2,0.00%,0.00%,33.33%,$92.32,0,0,0,0,0.00%,0,0,0,2,0,0,0,0,$276.96,1,0.33,1
20210216,2021021614,$276.96,$86.00,3,0.00%,0.00%,50.00%,$138.48,0,0,0,0,0.00%,0,0,0,3,0,0,0,0,$276.96,1,0.5,1
20200124,2020012416,$274.82,$128.00,2,0.00%,0.00%,50.00%,$137.41,0,0,0,0,0.00%,0,0,0,2,0,0,0,0,$274.82,1,0.5,1
20200207,2020020708,$274.28,$255.50,1,0.00%,0.00%,20.00%,$54.86,0,0,0,0,0.00%,0,0,0,1,0,0,0,0,$274.28,1,0.2,1
20200219,2020021905,$274.28,$255.50,1,0.00%,0.00%,50.00%,$137.14,0,0,0,0,0.00%,0,0,0,1,0,0,0,0,$274.28,1,0.5,1
20210214,2021021416,$271.06,$252.50,1,0.00%,0.00%,100.00%,$271.06,0,0,0,0,0.00%,0,0,0,2,0,0,0,0,$542.12,2,0.67,2
20191228,2019122808,$270.52,$84.00,3,0.00%,0.00%,6.67%,$18.03,0,0,0,0,0.00%,0,0,0,3,0,0,0,0,$270.52,1,0.07,1
20200128,2020012815,$270.52,$126.00,1,0.00%,0.00%,33.33%,$90.17,0,0,0,0,0.00%,0,0,0,2,0,0,0,0,$270.52,1,0.5,2
20210217,2021021713,$270.52,$252.00,1,0.00%,0.00%,16.67%,$45.09,0,0,0,0,0.00%,0,0,0,1,0,0,0,0,$270.52,1,0.17,1
20190129,2019012915,$268.38,$250.00,1,0.00%,0.00%,33.33%,$89.46,0,0,0,0,0.00%,0,0,0,1,0,0,0,0,$268.38,1,0.33,1
20190301,2019030109,$266.23,$124.00,1,0.00%,0.00%,100.00%,$266.23,0,0,0,0,0.00%,0,0,0,2,0,0,0,0,$266.23,1,1,2
20210323,2021032313,$266.23,$124.00,2,0.00%,0.00%,25.00%,$66.56,0,0,0,0,0.00%,0,0,0,2,0,0,0,0,$266.23,1,0.25,1
20190213,2019021313,$265.80,$158.40,1.5,0.00%,0.00%,25.00%,$66.45,0,0,0,0,0.00%,0,0,0,3,0,0,0,0,$531.59,2,0.29,2
20200127,2020012718,$265.20,$247.04,1,0.00%,0.00%,200.00%,$530.41,0,0,0,0,0.00%,0,0,0,2,0,0,0,0,$530.41,2,0.67,2
20200210,2020021012,$264.08,$246.00,1,0.00%,0.00%,33.33%,$88.03,0,0,0,0,0.00%,0,0,0,1,0,0,0,0,$264.08,1,0.25,1
20210225,2021022522,$264.08,$41.00,3,0.00%,0.00%,33.33%,$88.03,0,0,0,0,0.00%,0,0,0,6,0,0,0,0,$264.08,1,0.33,2
20190306,2019030616,$261.93,$122.00,2,0.00%,0.00%,50.00%,$130.96,0,0,0,0,0.00%,0,0,0,2,0,0,0,0,$261.93,1,0.5,1
20201224,2020122410,$260.50,$182.00,1.33,0.00%,0.00%,150.00%,$390.76,0,0,0,0,0.00%,0,0,0,4,0,0,0,0,$781.51,3,1.5,3
20191225,2019122515,$257.75,$240.10,1,0.00%,0.00%,25.00%,$64.44,0,0,0,0,0.00%,0,0,0,1,0,0,0,0,$257.75,1,0.25,1
20210126,2021012619,$257.64,$144.00,1.67,0.00%,0.00%,100.00%,$257.64,0,0,0,0,0.00%,0,0,0,5,0,0,0,0,$772.92,3,0.75,3
20210312,2021031207,$257.64,$240.00,1,0.00%,0.00%,50.00%,$128.82,0,0,0,0,0.00%,0,0,0,1,0,0,0,0,$257.64,1,0.5,1
20200222,2020022205,$254.96,$158.33,1.5,0.00%,0.00%,50.00%,$127.48,0,0,0,0,0.00%,0,0,0,3,0,0,0,0,$509.91,2,0.5,2
20190129,2019012913,$253.35,$236.00,1,0.00%,0.00%,25.00%,$63.34,0,0,0,0,0.00%,0,0,0,1,0,0,0,0,$253.35,1,0.25,1
20200121,2020012110,$253.35,$236.00,1,0.00%,0.00%,16.67%,$42.22,0,0,0,0,0.00%,0,0,0,1,0,0,0,0,$253.35,1,0.2,1
20210201,2021020116,$253.35,$118.00,2,0.00%,0.00%,50.00%,$126.68,0,0,0,0,0.00%,0,0,0,2,0,0,0,0,$253.35,1,0.5,1
20210222,2021022222,$253.35,$236.00,1,0.00%,0.00%,100.00%,$253.35,0,0,0,0,0.00%,0,0,0,1,0,0,0,0,$253.35,1,1,1
20210304,2021030417,$253.35,$118.00,2,0.00%,0.00%,25.00%,$63.34,0,0,0,0,0.00%,0,0,0,2,0,0,0,0,$253.35,1,0.25,1
20210215,2021021516,$252.27,$235.00,1,0.00%,0.00%,100.00%,$252.27,0,0,0,0,0.00%,0,0,0,2,0,0,0,0,$504.54,2,1,2
20200218,2020021810,$251.20,$117.00,2,0.00%,0.00%,50.00%,$125.60,0,0,0,0,0.00%,0,0,0,2,0,0,0,0,$251.20,1,0.5,1
20210315,2021031516,$251.20,$117.00,2,0.00%,0.00%,25.00%,$62.80,0,0,0,0,0.00%,0,0,0,2,0,0,0,0,$251.20,1,0.25,1
20191222,2019122215,$249.05,$116.00,2,0.00%,0.00%,100.00%,$249.05,0,0,0,0,0.00%,0,0,0,4,0,0,0,0,$498.10,2,1,2
20190228,2019022811,$248.62,$154.40,1.5,0.00%,0.00%,200.00%,$497.24,0,0,0,0,0.00%,0,0,0,3,0,0,0,0,$497.24,2,2,2
20191218,2019121812,$247.33,$115.20,2,0.00%,0.00%,20.00%,$49.47,0,0,0,0,0.00%,0,0,0,2,0,0,0,0,$247.33,1,0.2,1
20201211,2020121107,$246.90,$153.33,1.5,0.00%,0.00%,200.00%,$493.81,0,0,0,0,0.00%,0,0,0,3,0,0,0,0,$493.81,2,2,2
20200311,2020031115,$246.90,$100.00,2,0.00%,0.00%,33.33%,$82.30,0,0,0,0,0.00%,0,0,0,2,0,0,0,0,$246.90,1,0.33,1
20210326,2021032617,$246.90,$57.50,2,0.00%,0.00%,33.33%,$82.30,0,0,0,0,0.00%,0,0,0,4,0,0,0,0,$246.90,1,0.33,2
20210326,2021032621,$246.90,$56.00,2,0.00%,0.00%,100.00%,$246.90,0,0,0,0,0.00%,0,0,0,4,0,0,0,0,$246.90,1,0.5,2
20200127,2020012710,$246.19,$137.60,1.67,0.00%,0.00%,50.00%,$123.10,0,0,0,0,0.00%,0,0,0,5,0,0,0,0,$738.57,3,0.43,3
20201007,2020100715,$245.83,$229.00,1,0.00%,0.00%,20.00%,$49.17,0,0,0,0,0.00%,0,0,0,1,0,0,0,0,$245.83,1,0.25,1
20201008,2020100807,$245.83,$229.00,1,0.00%,0.00%,14.29%,$35.12,0,0,0,0,0.00%,0,0,0,1,0,0,0,0,$245.83,1,0.17,1
20201009,2020100915,$245.83,$229.00,1,0.00%,0.00%,100.00%,$245.83,0,0,0,0,0.00%,0,0,0,1,0,0,0,0,$245.83,1,0.5,1
20201009,2020100918,$245.83,$229.00,1,0.00%,0.00%,14.29%,$35.12,0,0,0,0,0.00%,0,0,0,1,0,0,0,0,$245.83,1,0.25,1
20201011,2020101114,$245.83,$229.00,1,0.00%,0.00%,20.00%,$49.17,0,0,0,0,0.00%,0,0,0,1,0,0,0,0,$245.83,1,0.2,1
20201013,2020101311,$245.83,$229.00,1,0.00%,0.00%,25.00%,$61.46,0,0,0,0,0.00%,0,0,0,1,0,0,0,0,$245.83,1,0.25,1
20201014,2020101420,$245.83,$229.00,1,0.00%,0.00%,16.67%,$40.97,0,0,0,0,0.00%,0,0,0,1,0,0,0,0,$245.83,1,0.25,1
20201015,2020101507,$245.83,$229.00,1,0.00%,0.00%,33.33%,$81.94,0,0,0,0,0.00%,0,0,0,1,0,0,0,0,$245.83,1,0.33,1
20201016,2020101614,$245.83,$229.00,1,0.00%,0.00%,11.11%,$27.31,0,0,0,0,0.00%,0,0,0,1,0,0,0,0,$245.83,1,0.14,1
20201027,2020102714,$245.83,$229.00,1,0.00%,0.00%,50.00%,$122.92,0,0,0,0,0.00%,0,0,0,1,0,0,0,0,$245.83,1,1,1
20191230,2019123011,$245.11,$228.33,1,0.00%,0.00%,30.00%,$73.53,0,0,0,0,0.00%,0,0,0,3,0,0,0,0,$735.34,3,0.43,3
20190318,2019031817,$244.22,$227.50,1,0.00%,0.00%,200.00%,$488.45,0,0,0,0,0.00%,0,0,0,2,0,0,0,0,$488.45,2,2,2
20210207,2021020719,$242.61,$128.00,2,0.00%,0.00%,33.33%,$80.87,0,0,0,0,0.00%,0,0,0,2,0,0,0,0,$242.61,1,0.33,1
20190207,2019020711,$241.54,$75.00,1.5,0.00%,0.00%,7.14%,$17.25,0,0,0,0,0.00%,0,0,0,3,0,0,0,0,$241.54,1,0.08,2
20190319,2019031911,$241.54,$135.00,1.5,0.00%,0.00%,100.00%,$241.54,0,0,0,0,0.00%,0,0,0,3,0,0,0,0,$483.07,2,0.67,2
20190306,2019030609,$240.82,$134.60,1.67,0.00%,0.00%,60.00%,$144.49,0,0,0,0,0.00%,0,0,0,5,0,0,0,0,$722.47,3,0.6,3
20200215,2020021506,$240.46,$224.00,1,0.00%,0.00%,33.33%,$80.16,0,0,0,0,0.00%,0,0,0,2,0,0,0,0,$480.93,2,0.33,2
20200114,2020011413,$240.46,$112.00,2,0.00%,0.00%,14.29%,$34.35,0,0,0,0,0.00%,0,0,0,2,0,0,0,0,$240.46,1,0.14,1
20200213,2020021313,$240.46,$224.00,1,0.00%,0.00%,14.29%,$34.35,0,0,0,0,0.00%,0,0,0,1,0,0,0,0,$240.46,1,0.2,1
20210101,2021010115,$240.46,$112.00,1,0.00%,0.00%,25.00%,$60.12,0,0,0,0,0.00%,0,0,0,2,0,0,0,0,$240.46,1,0.25,2
20210224,2021022417,$240.46,$112.00,1,0.00%,0.00%,20.00%,$48.09,0,0,0,0,0.00%,0,0,0,2,0,0,0,0,$240.46,1,0.17,2
20190201,2019020110,$239.44,$223.05,1,0.00%,0.00%,33.33%,$79.82,0,0,0,0,0.00%,0,0,0,2,0,0,0,0,$478.89,2,0.33,2
20191230,2019123012,$236.17,$132.00,1.67,0.00%,0.00%,150.00%,$354.26,0,0,0,0,0.00%,0,0,0,5,0,0,0,0,$708.51,3,1,3
20200106,2020010607,$236.17,$220.00,1,0.00%,0.00%,25.00%,$59.04,0,0,0,0,0.00%,0,0,0,1,0,0,0,0,$236.17,1,0.25,1
20200221,2020022105,$236.17,$220.00,1,0.00%,0.00%,50.00%,$118.08,0,0,0,0,0.00%,0,0,0,1,0,0,0,0,$236.17,1,0.5,1
20200304,2020030417,$236.17,$110.00,2,0.00%,0.00%,33.33%,$78.72,0,0,0,0,0.00%,0,0,0,2,0,0,0,0,$236.17,1,0.33,1
20201129,2020112906,$236.17,$220.00,1,0.00%,0.00%,50.00%,$118.08,0,0,0,0,0.00%,0,0,0,1,0,0,0,0,$236.17,1,0.5,1
20201206,2020120612,$236.17,$146.67,1.5,0.00%,0.00%,50.00%,$118.08,0,0,0,0,0.00%,0,0,0,3,0,0,0,0,$472.34,2,0.67,2
20201208,2020120818,$234.02,$109.00,1.33,0.00%,0.00%,50.00%,$117.01,0,0,0,0,0.00%,0,0,0,4,0,0,0,0,$468.04,2,0.5,3
20191217,2019121709,$233.16,$217.20,1,0.00%,0.00%,20.00%,$46.63,0,0,0,0,0.00%,0,0,0,1,0,0,0,0,$233.16,1,0.25,1
20210125,2021012515,$231.88,$108.00,2,0.00%,0.00%,25.00%,$57.97,0,0,0,0,0.00%,0,0,0,2,0,0,0,0,$231.88,1,0.25,1
20210204,2021020414,$231.88,$108.00,2,0.00%,0.00%,50.00%,$115.94,0,0,0,0,0.00%,0,0,0,2,0,0,0,0,$231.88,1,0.33,1
20210214,2021021414,$231.88,$108.00,1,0.00%,0.00%,20.00%,$46.38,0,0,0,0,0.00%,0,0,0,2,0,0,0,0,$231.88,1,0.17,2
20210324,2021032416,$231.88,$108.00,2,0.00%,0.00%,0.00%,$0.00,0,0,0,0,0.00%,0,0,0,4,0,0,0,0,$463.76,2,2,2
20210309,2021030911,$230.80,$215.00,1,0.00%,0.00%,66.67%,$153.87,0,0,0,0,0.00%,0,0,0,2,0,0,0,0,$461.60,2,0.67,2
20190616,2019061612,$229.73,$214.00,1,0.00%,0.00%,50.00%,$114.86,0,0,0,0,0.00%,0,0,0,1,0,0,0,0,$229.73,1,0.5,1
20190629,2019062916,$229.73,$214.00,1,0.00%,0.00%,14.29%,$32.82,0,0,0,0,0.00%,0,0,0,1,0,0,0,0,$229.73,1,0.14,1
20190703,2019070316,$229.73,$214.00,1,0.00%,0.00%,100.00%,$229.73,0,0,0,0,0.00%,0,0,0,1,0,0,0,0,$229.73,1,0.5,1
20190706,2019070614,$229.73,$214.00,1,0.00%,0.00%,25.00%,$57.43,0,0,0,0,0.00%,0,0,0,1,0,0,0,0,$229.73,1,0.25,1
20190709,2019070909,$229.73,$214.00,1,0.00%,0.00%,25.00%,$57.43,0,0,0,0,0.00%,0,0,0,1,0,0,0,0,$229.73,1,0.25,1
20190725,2019072513,$229.73,$214.00,1,0.00%,0.00%,25.00%,$57.43,0,0,0,0,0.00%,0,0,0,1,0,0,0,0,$229.73,1,0.25,1
20190823,2019082307,$229.73,$214.00,1,0.00%,0.00%,25.00%,$57.43,0,0,0,0,0.00%,0,0,0,1,0,0,0,0,$229.73,1,0.33,1
20190919,2019091915,$229.73,$214.00,1,0.00%,0.00%,50.00%,$114.86,0,0,0,0,0.00%,0,0,0,1,0,0,0,0,$229.73,1,1,1
20190920,2019092012,$229.73,$214.00,1,0.00%,0.00%,33.33%,$76.58,0,0,0,0,0.00%,0,0,0,1,0,0,0,0,$229.73,1,0.33,1
20191018,2019101814,$229.73,$214.00,1,0.00%,0.00%,50.00%,$114.86,0,0,0,0,0.00%,0,0,0,1,0,0,0,0,$229.73,1,0.5,1
20200201,2020020112,$229.73,$107.00,2,0.00%,0.00%,66.67%,$153.15,0,0,0,0,0.00%,0,0,0,4,0,0,0,0,$459.46,2,0.67,2
20200516,2020051617,$229.73,$214.00,1,0.00%,0.00%,50.00%,$114.86,0,0,0,0,0.00%,0,0,0,1,0,0,0,0,$229.73,1,0.5,1
20200521,2020052117,$229.73,$214.00,1,0.00%,0.00%,0.00%,$0.00,0,0,0,0,0.00%,0,0,0,1,0,0,0,0,$229.73,1,1,1
20200525,2020052510,$229.73,$214.00,1,0.00%,0.00%,50.00%,$114.86,0,0,0,0,0.00%,0,0,0,1,0,0,0,0,$229.73,1,0.5,1
20200528,2020052816,$229.73,$214.00,1,0.00%,0.00%,33.33%,$76.58,0,0,0,0,0.00%,0,0,0,1,0,0,0,0,$229.73,1,0.33,1
20200606,2020060609,$229.73,$214.00,1,0.00%,0.00%,50.00%,$114.86,0,0,0,0,0.00%,0,0,0,1,0,0,0,0,$229.73,1,0.5,1
20200705,2020070517,$229.73,$214.00,1,0.00%,0.00%,20.00%,$45.95,0,0,0,0,0.00%,0,0,0,1,0,0,0,0,$229.73,1,0.2,1
20200708,2020070815,$229.73,$214.00,1,0.00%,0.00%,33.33%,$76.58,0,0,0,0,0.00%,0,0,0,1,0,0,0,0,$229.73,1,0.5,1
20200720,2020072007,$229.73,$214.00,1,0.00%,0.00%,10.00%,$22.97,0,0,0,0,0.00%,0,0,0,1,0,0,0,0,$229.73,1,0.1,1
20200729,2020072921,$229.73,$214.00,1,0.00%,0.00%,16.67%,$38.29,0,0,0,0,0.00%,0,0,0,1,0,0,0,0,$229.73,1,0.2,1
20200810,2020081021,$229.73,$214.00,1,0.00%,0.00%,25.00%,$57.43,0,0,0,0,0.00%,0,0,0,1,0,0,0,0,$229.73,1,0.17,1
20200812,2020081217,$229.73,$214.00,1,0.00%,0.00%,25.00%,$57.43,0,0,0,0,0.00%,0,0,0,1,0,0,0,0,$229.73,1,0.25,1
20200814,2020081410,$229.73,$214.00,1,0.00%,0.00%,14.29%,$32.82,0,0,0,0,0.00%,0,0,0,1,0,0,0,0,$229.73,1,0.14,1
20200819,2020081909,$229.73,$214.00,1,0.00%,0.00%,50.00%,$114.86,0,0,0,0,0.00%,0,0,0,1,0,0,0,0,$229.73,1,0.33,1
20200828,2020082809,$229.73,$214.00,1,0.00%,0.00%,50.00%,$114.86,0,0,0,0,0.00%,0,0,0,1,0,0,0,0,$229.73,1,0.5,1
20200828,2020082812,$229.73,$214.00,1,0.00%,0.00%,20.00%,$45.95,0,0,0,0,0.00%,0,0,0,1,0,0,0,0,$229.73,1,0.2,1
20200905,2020090507,$229.73,$214.00,1,0.00%,0.00%,10.00%,$22.97,0,0,0,0,0.00%,0,0,0,1,0,0,0,0,$229.73,1,0.12,1
20200913,2020091319,$229.73,$214.00,1,0.00%,0.00%,12.50%,$28.72,0,0,0,0,0.00%,0,0,0,1,0,0,0,0,$229.73,1,0.14,1
20200914,2020091415,$229.73,$214.00,1,0.00%,0.00%,50.00%,$114.86,0,0,0,0,0.00%,0,0,0,1,0,0,0,0,$229.73,1,0.33,1
20200920,2020092008,$229.73,$214.00,1,0.00%,0.00%,25.00%,$57.43,0,0,0,0,0.00%,0,0,0,1,0,0,0,0,$229.73,1,0.25,1
20200921,2020092112,$229.73,$214.00,1,0.00%,0.00%,20.00%,$45.95,0,0,0,0,0.00%,0,0,0,1,0,0,0,0,$229.73,1,0.2,1
20200921,2020092115,$229.73,$214.00,1,0.00%,0.00%,0.00%,$0.00,0,0,0,0,0.00%,0,0,0,1,0,0,0,0,$229.73,1,1,1
20200922,2020092208,$229.73,$214.00,1,0.00%,0.00%,16.67%,$38.29,0,0,0,0,0.00%,0,0,0,1,0,0,0,0,$229.73,1,0.2,1
20200926,2020092620,$229.73,$214.00,1,0.00%,0.00%,100.00%,$229.73,0,0,0,0,0.00%,0,0,0,1,0,0,0,0,$229.73,1,1,1
20200928,2020092817,$229.73,$214.00,1,0.00%,0.00%,25.00%,$57.43,0,0,0,0,0.00%,0,0,0,1,0,0,0,0,$229.73,1,0.25,1
20201002,2020100216,$229.73,$214.00,1,0.00%,0.00%,25.00%,$57.43,0,0,0,0,0.00%,0,0,0,1,0,0,0,0,$229.73,1,0.25,1
20190216,2019021615,$228.12,$212.50,1,0.00%,0.00%,50.00%,$114.06,0,0,0,0,0.00%,0,0,0,2,0,0,0,0,$456.24,2,0.5,2
20190211,2019021113,$228.12,$212.50,1,0.00%,0.00%,50.00%,$114.06,0,0,0,0,0.00%,0,0,0,2,0,0,0,0,$456.23,2,0.33,2
20191207,2019120713,$228.10,$159.36,1.33,0.00%,0.00%,75.00%,$171.07,0,0,0,0,0.00%,0,0,0,4,0,0,0,0,$684.29,3,0.75,3
20210308,2021030809,$227.58,$159.00,1.33,0.00%,0.00%,100.00%,$227.58,0,0,0,0,0.00%,0,0,0,4,0,0,0,0,$682.75,3,1,3
20210122,2021012208,$227.58,$212.00,1,0.00%,0.00%,0.00%,$0.00,0,0,0,0,0.00%,0,0,0,1,0,0,0,0,$227.58,1,1,1
20210208,2021020806,$227.58,$212.00,1,0.00%,0.00%,16.67%,$37.93,0,0,0,0,0.00%,0,0,0,1,0,0,0,0,$227.58,1,0.17,1
20200209,2020020917,$226.51,$105.50,2,0.00%,0.00%,75.00%,$169.88,0,0,0,0,0.00%,0,0,0,6,0,0,0,0,$679.53,3,0.75,3
20210208,2021020811,$226.51,$140.67,1.5,0.00%,0.00%,100.00%,$226.51,0,0,0,0,0.00%,0,0,0,6,0,0,0,0,$906.04,4,0.8,4
20190203,2019020312,$225.44,$120.00,2,0.00%,0.00%,50.00%,$112.72,0,0,0,0,0.00%,0,0,0,2,0,0,0,0,$225.44,1,0.33,1
20200116,2020011621,$225.44,$210.00,1,0.00%,0.00%,16.67%,$37.57,0,0,0,0,0.00%,0,0,0,1,0,0,0,0,$225.44,1,0.17,1
20210110,2021011020,$225.44,$210.00,1,0.00%,0.00%,20.00%,$45.09,0,0,0,0,0.00%,0,0,0,1,0,0,0,0,$225.44,1,0.2,1
20201226,2020122611,$222.21,$207.00,1,0.00%,0.00%,12.50%,$27.78,0,0,0,0,0.00%,0,0,0,1,0,0,0,0,$222.21,1,0.12,1
20210216,2021021616,$222.21,$207.00,1,0.00%,0.00%,6.67%,$14.81,0,0,0,0,0.00%,0,0,0,1,0,0,0,0,$222.21,1,0.06,1
20210219,2021021921,$222.21,$69.00,3,0.00%,0.00%,33.33%,$74.07,0,0,0,0,0.00%,0,0,0,3,0,0,0,0,$222.21,1,0.33,1
20190210,2019021017,$220.07,$205.00,1,0.00%,0.00%,33.33%,$73.36,0,0,0,0,0.00%,0,0,0,1,0,0,0,0,$220.07,1,0.5,1
20190226,2019022618,$220.07,$205.00,1,0.00%,0.00%,16.67%,$36.68,0,0,0,0,0.00%,0,0,0,1,0,0,0,0,$220.07,1,0.5,1
20200114,2020011416,$218.99,$204.00,1,0.00%,0.00%,16.67%,$36.50,0,0,0,0,0.00%,0,0,0,1,0,0,0,0,$218.99,1,0.2,1
20200121,2020012117,$218.99,$204.00,1,0.00%,0.00%,25.00%,$54.75,0,0,0,0,0.00%,0,0,0,1,0,0,0,0,$218.99,1,0.25,1
20210213,2021021313,$218.99,$51.00,2,0.00%,0.00%,16.67%,$36.50,0,0,0,0,0.00%,0,0,0,4,0,0,0,0,$218.99,1,0.17,2
20200113,2020011318,$218.46,$203.50,1,0.00%,0.00%,200.00%,$436.91,0,0,0,0,0.00%,0,0,0,2,0,0,0,0,$436.91,2,1,2
20190324,2019032422,$215.77,$201.00,1,0.00%,0.00%,20.00%,$43.15,0,0,0,0,0.00%,0,0,0,1,0,0,0,0,$215.77,1,0.25,1
20200123,2020012309,$214.70,$200.00,1,0.00%,0.00%,16.67%,$35.78,0,0,0,0,0.00%,0,0,0,1,0,0,0,0,$214.70,1,0.12,1
20200217,2020021707,$214.70,$200.00,1,0.00%,0.00%,50.00%,$107.35,0,0,0,0,0.00%,0,0,0,1,0,0,0,0,$214.70,1,0.5,1
20200122,2020012215,$213.63,$153.00,1.33,0.00%,0.00%,100.00%,$213.63,0,0,0,0,0.00%,0,0,0,4,0,0,0,0,$640.88,3,1,3
20210214,2021021420,$213.27,$139.00,1.33,0.00%,0.00%,300.00%,$639.80,0,0,0,0,0.00%,0,0,0,4,0,0,0,0,$639.80,3,1.5,3
20190209,2019020917,$213.04,$198.45,1,0.00%,0.00%,100.00%,$213.04,0,0,0,0,0.00%,0,0,0,2,0,0,0,0,$426.08,2,0.67,2
20200109,2020010911,$212.82,$198.25,1,0.00%,0.00%,50.00%,$106.41,0,0,0,0,0.00%,0,0,0,2,0,0,0,0,$425.65,2,0.5,2
20191205,2019120511,$212.55,$148.50,1.33,0.00%,0.00%,100.00%,$212.55,0,0,0,0,0.00%,0,0,0,4,0,0,0,0,$637.66,3,1.5,3
20190226,2019022615,$212.55,$99.00,1,0.00%,0.00%,100.00%,$212.55,0,0,0,0,0.00%,0,0,0,2,0,0,0,0,$212.55,1,1,2
20201217,2020121714,$210.41,$98.00,2,0.00%,0.00%,33.33%,$70.14,0,0,0,0,0.00%,0,0,0,2,0,0,0,0,$210.41,1,0.25,1
20210127,2021012719,$210.41,$98.00,2,0.00%,0.00%,50.00%,$105.20,0,0,0,0,0.00%,0,0,0,2,0,0,0,0,$210.41,1,0.5,1
20190314,2019031422,$209.33,$97.50,1.33,0.00%,0.00%,0.00%,$0.00,0,0,0,0,0.00%,0,0,0,4,0,0,0,0,$418.66,2,2,3
20190318,2019031805,$209.33,$195.00,1,0.00%,0.00%,50.00%,$104.66,0,0,0,0,0.00%,0,0,0,1,0,0,0,0,$209.33,1,0.5,1
20190319,2019031906,$209.33,$195.00,1,0.00%,0.00%,25.00%,$52.33,0,0,0,0,0.00%,0,0,0,1,0,0,0,0,$209.33,1,0.33,1
20200206,2020020617,$209.33,$195.00,1,0.00%,0.00%,0.00%,$0.00,0,0,0,0,0.00%,0,0,0,1,0,0,0,0,$209.33,1,1,1
20201128,2020112813,$209.33,$195.00,1,0.00%,0.00%,50.00%,$104.66,0,0,0,0,0.00%,0,0,0,1,0,0,0,0,$209.33,1,0.5,1
20201230,2020123011,$209.33,$195.00,1,0.00%,0.00%,14.29%,$29.90,0,0,0,0,0.00%,0,0,0,1,0,0,0,0,$209.33,1,0.14,1
20210123,2021012309,$209.33,$195.00,1,0.00%,0.00%,25.00%,$52.33,0,0,0,0,0.00%,0,0,0,1,0,0,0,0,$209.33,1,0.2,1
20210216,2021021610,$209.33,$195.00,1,0.00%,0.00%,33.33%,$69.78,0,0,0,0,0.00%,0,0,0,1,0,0,0,0,$209.33,1,0.25,1
20190201,2019020108,$209.12,$194.80,1,0.00%,0.00%,66.67%,$139.41,0,0,0,0,0.00%,0,0,0,2,0,0,0,0,$418.24,2,0.67,2
20190320,2019032010,$207.72,$193.50,1,0.00%,0.00%,50.00%,$103.86,0,0,0,0,0.00%,0,0,0,2,0,0,0,0,$415.44,2,0.4,2
20191217,2019121717,$206.57,$115.46,1.67,0.00%,0.00%,300.00%,$619.71,0,0,0,0,0.00%,0,0,0,5,0,0,0,0,$619.71,3,1.5,3
20190320,2019032016,$206.11,$192.00,1,0.00%,0.00%,50.00%,$103.06,0,0,0,0,0.00%,0,0,0,1,0,0,0,0,$206.11,1,0.5,1
20210207,2021020710,$206.11,$192.00,1,0.00%,0.00%,16.67%,$34.35,0,0,0,0,0.00%,0,0,0,1,0,0,0,0,$206.11,1,0.2,1
20210213,2021021309,$206.11,$192.00,1,0.00%,0.00%,12.50%,$25.76,0,0,0,0,0.00%,0,0,0,1,0,0,0,0,$206.11,1,0.14,1
20210326,2021032614,$206.11,$96.00,2,0.00%,0.00%,12.50%,$25.76,0,0,0,0,0.00%,0,0,0,2,0,0,0,0,$206.11,1,0.12,1
20200217,2020021708,$205.15,$191.10,1,0.00%,0.00%,0.00%,$0.00,0,0,0,0,0.00%,0,0,0,1,0,0,0,0,$205.15,1,1,1
20201210,2020121011,$202.89,$189.00,1,0.00%,0.00%,66.67%,$135.26,0,0,0,0,0.00%,0,0,0,2,0,0,0,0,$405.78,2,0.67,2
20201202,2020120211,$201.82,$188.00,1,0.00%,0.00%,33.33%,$67.27,0,0,0,0,0.00%,0,0,0,1,0,0,0,0,$201.82,1,0.25,1
20210131,2021013107,$201.82,$188.00,1,0.00%,0.00%,50.00%,$100.91,0,0,0,0,0.00%,0,0,0,1,0,0,0,0,$201.82,1,0.5,1
20210205,2021020510,$201.82,$188.00,1,0.00%,0.00%,33.33%,$67.27,0,0,0,0,0.00%,0,0,0,1,0,0,0,0,$201.82,1,0.33,1
20200208,2020020805,$200.96,$187.20,1,0.00%,0.00%,10.00%,$20.10,0,0,0,0,0.00%,0,0,0,1,0,0,0,0,$200.96,1,0.11,1
20190207,2019020704,$200.53,$186.80,1,0.00%,0.00%,50.00%,$100.26,0,0,0,0,0.00%,0,0,0,1,0,0,0,0,$200.53,1,0.5,1
20190217,2019021713,$200.53,$186.80,1,0.00%,0.00%,100.00%,$200.53,0,0,0,0,0.00%,0,0,0,1,0,0,0,0,$200.53,1,0.5,1
20191221,2019122109,$199.81,$139.60,1.33,0.00%,0.00%,33.33%,$66.60,0,0,0,0,0.00%,0,0,0,4,0,0,0,0,$599.44,3,0.43,3
20201220,2020122014,$199.40,$87.56,2.25,0.00%,0.00%,36.36%,$72.51,0,0,0,0,0.00%,0,0,0,9,0,0,0,0,$797.61,4,0.44,4
20200301,2020030107,$199.02,$185.40,1,0.00%,0.00%,50.00%,$99.51,0,0,0,0,0.00%,0,0,0,2,0,0,0,0,$398.05,2,0.5,2
20200203,2020020309,$198.60,$138.75,1,0.00%,0.00%,100.00%,$198.60,0,0,0,0,0.00%,0,0,0,4,0,0,0,0,$595.79,3,0.75,4
20190214,2019021412,$198.43,$123.23,1.5,0.00%,0.00%,66.67%,$132.29,0,0,0,0,0.00%,0,0,0,3,0,0,0,0,$396.86,2,0.67,2
20200107,2020010712,$197.78,$184.24,1,0.00%,0.00%,50.00%,$98.89,0,0,0,0,0.00%,0,0,0,2,0,0,0,0,$395.56,2,0.4,2
20200204,2020020407,$196.45,$183.00,1,0.00%,0.00%,16.67%,$32.74,0,0,0,0,0.00%,0,0,0,1,0,0,0,0,$196.45,1,0.2,1
20200226,2020022612,$196.09,$182.67,1,0.00%,0.00%,60.00%,$117.65,0,0,0,0,0.00%,0,0,0,3,0,0,0,0,$588.27,3,0.6,3
20190219,2019021913,$194.30,$181.00,1,0.00%,0.00%,50.00%,$97.15,0,0,0,0,0.00%,0,0,0,1,0,0,0,0,$194.30,1,0.5,1
20191213,2019121315,$194.30,$181.00,1,0.00%,0.00%,25.00%,$48.58,0,0,0,0,0.00%,0,0,0,1,0,0,0,0,$194.30,1,0.25,1
20200106,2020010614,$194.30,$181.00,1,0.00%,0.00%,16.67%,$32.38,0,0,0,0,0.00%,0,0,0,1,0,0,0,0,$194.30,1,0.17,1
20190211,2019021109,$194.09,$180.80,1,0.00%,0.00%,33.33%,$64.70,0,0,0,0,0.00%,0,0,0,1,0,0,0,0,$194.09,1,0.33,1
20190319,2019031919,$194.09,$180.80,1,0.00%,0.00%,0.00%,$0.00,0,0,0,0,0.00%,0,0,0,1,0,0,0,0,$194.09,1,1,1
20190216,2019021616,$193.94,$135.50,1.33,0.00%,0.00%,300.00%,$581.83,0,0,0,0,0.00%,0,0,0,4,0,0,0,0,$581.83,3,3,3
20190211,2019021115,$193.23,$180.00,1,0.00%,0.00%,20.00%,$38.65,0,0,0,0,0.00%,0,0,0,1,0,0,0,0,$193.23,1,0.25,1
20200103,2020010313,$193.23,$180.00,1,0.00%,0.00%,16.67%,$32.20,0,0,0,0,0.00%,0,0,0,1,0,0,0,0,$193.23,1,0.14,1
20200105,2020010519,$193.23,$180.00,1,0.00%,0.00%,25.00%,$48.31,0,0,0,0,0.00%,0,0,0,1,0,0,0,0,$193.23,1,0.2,1
20200124,2020012408,$193.23,$180.00,1,0.00%,0.00%,33.33%,$64.41,0,0,0,0,0.00%,0,0,0,1,0,0,0,0,$193.23,1,0.25,1
20200129,2020012923,$193.23,$180.00,1,0.00%,0.00%,100.00%,$193.23,0,0,0,0,0.00%,0,0,0,1,0,0,0,0,$193.23,1,0.5,1
20200226,2020022618,$193.23,$90.00,2,0.00%,0.00%,25.00%,$48.31,0,0,0,0,0.00%,0,0,0,2,0,0,0,0,$193.23,1,0.2,1
20200229,2020022914,$193.23,$180.00,1,0.00%,0.00%,66.67%,$128.82,0,0,0,0,0.00%,0,0,0,2,0,0,0,0,$386.46,2,0.67,2
20210124,2021012407,$192.16,$89.50,1.33,0.00%,0.00%,50.00%,$96.08,0,0,0,0,0.00%,0,0,0,4,0,0,0,0,$384.31,2,0.67,3
20210221,2021022109,$190.01,$177.00,1,0.00%,0.00%,10.00%,$19.00,0,0,0,0,0.00%,0,0,0,1,0,0,0,0,$190.01,1,0.1,1
20200221,2020022108,$188.94,$176.00,1,0.00%,0.00%,25.00%,$47.24,0,0,0,0,0.00%,0,0,0,1,0,0,0,0,$188.94,1,0.25,1
20210131,2021013110,$188.94,$176.00,1,0.00%,0.00%,14.29%,$26.99,0,0,0,0,0.00%,0,0,0,1,0,0,0,0,$188.94,1,0.2,1
20210223,2021022317,$188.94,$176.00,1,0.00%,0.00%,25.00%,$47.24,0,0,0,0,0.00%,0,0,0,1,0,0,0,0,$188.94,1,0.25,1
20210303,2021030319,$188.94,$176.00,1,0.00%,0.00%,33.33%,$62.98,0,0,0,0,0.00%,0,0,0,1,0,0,0,0,$188.94,1,0.33,1
20201217,2020121708,$188.94,$176.00,1,0.00%,0.00%,66.67%,$125.96,0,0,0,0,0.00%,0,0,0,2,0,0,0,0,$377.87,2,0.5,2
20210303,2021030315,$188.94,$176.00,1,0.00%,0.00%,50.00%,$94.47,0,0,0,0,0.00%,0,0,0,2,0,0,0,0,$377.87,2,0.5,2
20191212,2019121210,$187.86,$87.50,1,0.00%,0.00%,20.00%,$37.57,0,0,0,0,0.00%,0,0,0,2,0,0,0,0,$187.86,1,0.2,2
20201227,2020122720,$186.79,$174.00,1,0.00%,0.00%,20.00%,$37.36,0,0,0,0,0.00%,0,0,0,1,0,0,0,0,$186.79,1,0.25,1
20200210,2020021007,$186.07,$130.00,1.33,0.00%,0.00%,150.00%,$279.11,0,0,0,0,0.00%,0,0,0,4,0,0,0,0,$558.22,3,1.5,3
20210127,2021012707,$184.64,$86.00,2,0.00%,0.00%,20.00%,$36.93,0,0,0,0,0.00%,0,0,0,2,0,0,0,0,$184.64,1,0.2,1
20191119,2019111911,$184.11,$171.50,1,0.00%,0.00%,100.00%,$184.11,0,0,0,0,0.00%,0,0,0,1,0,0,0,0,$184.11,1,0.5,1
20191221,2019122110,$183.21,$128.00,1.33,0.00%,0.00%,75.00%,$137.41,0,0,0,0,0.00%,0,0,0,4,0,0,0,0,$549.63,3,0.6,3
20200108,2020010810,$179.28,$111.33,1.5,0.00%,0.00%,22.22%,$39.84,0,0,0,0,0.00%,0,0,0,3,0,0,0,0,$358.55,2,0.22,2
20200210,2020021016,$177.84,$99.40,1.25,0.00%,0.00%,42.86%,$76.22,0,0,0,0,0.00%,0,0,0,5,0,0,0,0,$533.53,3,0.43,4
20190302,2019030210,$177.13,$165.00,1,0.00%,0.00%,50.00%,$88.56,0,0,0,0,0.00%,0,0,0,1,0,0,0,0,$177.13,1,0.33,1
20190307,2019030709,$177.13,$165.00,1,0.00%,0.00%,50.00%,$88.56,0,0,0,0,0.00%,0,0,0,1,0,0,0,0,$177.13,1,0.5,1
20200205,2020020518,$177.13,$165.00,1,0.00%,0.00%,33.33%,$59.04,0,0,0,0,0.00%,0,0,0,1,0,0,0,0,$177.13,1,0.33,1
20200311,2020031119,$176.41,$164.33,1,0.00%,0.00%,50.00%,$88.21,0,0,0,0,0.00%,0,0,0,3,0,0,0,0,$529.24,3,1,3
20190215,2019021510,$176.05,$164.00,1,0.00%,0.00%,25.00%,$44.01,0,0,0,0,0.00%,0,0,0,1,0,0,0,0,$176.05,1,0.25,1
20190218,2019021808,$176.05,$164.00,1,0.00%,0.00%,33.33%,$58.68,0,0,0,0,0.00%,0,0,0,1,0,0,0,0,$176.05,1,0.33,1
20190310,2019031014,$176.05,$164.00,1,0.00%,0.00%,50.00%,$88.02,0,0,0,0,0.00%,0,0,0,1,0,0,0,0,$176.05,1,0.33,1
20200219,2020021907,$176.05,$164.00,1,0.00%,0.00%,100.00%,$176.05,0,0,0,0,0.00%,0,0,0,1,0,0,0,0,$176.05,1,1,1
20200120,2020012012,$174.98,$163.00,1,0.00%,0.00%,40.00%,$69.99,0,0,0,0,0.00%,0,0,0,2,0,0,0,0,$349.96,2,0.4,2
20200223,2020022315,$174.98,$108.67,1,0.00%,0.00%,66.67%,$116.65,0,0,0,0,0.00%,0,0,0,3,0,0,0,0,$349.96,2,0.67,3
20200123,2020012311,$173.91,$162.00,1,0.00%,0.00%,25.00%,$43.48,0,0,0,0,0.00%,0,0,0,1,0,0,0,0,$173.91,1,0.2,1
20200309,2020030918,$173.91,$162.00,1,0.00%,0.00%,14.29%,$24.84,0,0,0,0,0.00%,0,0,0,1,0,0,0,0,$173.91,1,0.14,1
20201128,2020112814,$173.91,$162.00,1,0.00%,0.00%,100.00%,$173.91,0,0,0,0,0.00%,0,0,0,1,0,0,0,0,$173.91,1,1,1
20201129,2020112915,$173.91,$162.00,1,0.00%,0.00%,33.33%,$57.97,0,0,0,0,0.00%,0,0,0,1,0,0,0,0,$173.91,1,0.33,1
20201205,2020120509,$173.91,$54.00,3,0.00%,0.00%,50.00%,$86.96,0,0,0,0,0.00%,0,0,0,3,0,0,0,0,$173.91,1,0.5,1
20201212,2020121211,$173.91,$54.00,3,0.00%,0.00%,25.00%,$43.48,0,0,0,0,0.00%,0,0,0,3,0,0,0,0,$173.91,1,0.25,1
20210201,2021020107,$173.91,$162.00,1,0.00%,0.00%,33.33%,$57.97,0,0,0,0,0.00%,0,0,0,1,0,0,0,0,$173.91,1,0.33,1
20210227,2021022709,$173.91,$162.00,1,0.00%,0.00%,20.00%,$34.78,0,0,0,0,0.00%,0,0,0,1,0,0,0,0,$173.91,1,0.2,1
20210302,2021030207,$173.91,$162.00,1,0.00%,0.00%,25.00%,$43.48,0,0,0,0,0.00%,0,0,0,1,0,0,0,0,$173.91,1,0.2,1
20210302,2021030209,$173.91,$162.00,1,0.00%,0.00%,20.00%,$34.78,0,0,0,0,0.00%,0,0,0,1,0,0,0,0,$173.91,1,0.2,1
20210314,2021031413,$173.91,$162.00,1,0.00%,0.00%,100.00%,$173.91,0,0,0,0,0.00%,0,0,0,1,0,0,0,0,$173.91,1,0.5,1
20210208,2021020821,$173.90,$98.00,1.5,0.00%,0.00%,400.00%,$695.62,0,0,0,0,0.00%,0,0,0,6,0,0,0,0,$695.62,4,2,4
20210216,2021021617,$173.90,$162.00,1,0.00%,0.00%,40.00%,$69.56,0,0,0,0,0.00%,0,0,0,2,0,0,0,0,$347.81,2,0.33,2
20210221,2021022114,$173.90,$162.00,1,0.00%,0.00%,200.00%,$347.81,0,0,0,0,0.00%,0,0,0,2,0,0,0,0,$347.81,2,0.5,2
20191215,2019121512,$171.76,$160.00,1,0.00%,0.00%,50.00%,$85.88,0,0,0,0,0.00%,0,0,0,1,0,0,0,0,$171.76,1,0.5,1
20210104,2021010410,$171.76,$80.00,2,0.00%,0.00%,33.33%,$57.25,0,0,0,0,0.00%,0,0,0,2,0,0,0,0,$171.76,1,0.33,1
20210224,2021022414,$169.61,$131.67,1.2,0.00%,0.00%,62.50%,$106.01,0,0,0,0,0.00%,0,0,0,6,0,0,0,0,$848.07,5,0.56,5
20200127,2020012711,$168.97,$104.93,1,0.00%,0.00%,28.57%,$48.28,0,0,0,0,0.00%,0,0,0,3,0,0,0,0,$337.94,2,0.29,3
20190203,2019020316,$168.32,$156.80,1,0.00%,0.00%,50.00%,$84.16,0,0,0,0,0.00%,0,0,0,1,0,0,0,0,$168.32,1,0.5,1
20200122,2020012217,$168.32,$156.80,1,0.00%,0.00%,50.00%,$84.16,0,0,0,0,0.00%,0,0,0,1,0,0,0,0,$168.32,1,0.33,1
20200219,2020021908,$168.32,$156.80,1,0.00%,0.00%,50.00%,$84.16,0,0,0,0,0.00%,0,0,0,1,0,0,0,0,$168.32,1,0.5,1
20200217,2020021715,$167.47,$156.00,1,0.00%,0.00%,16.67%,$27.91,0,0,0,0,0.00%,0,0,0,1,0,0,0,0,$167.47,1,0.17,1
20210211,2021021110,$167.47,$156.00,1,0.00%,0.00%,50.00%,$83.74,0,0,0,0,0.00%,0,0,0,1,0,0,0,0,$167.47,1,0.5,1
20210212,2021021206,$167.47,$156.00,1,0.00%,0.00%,50.00%,$83.74,0,0,0,0,0.00%,0,0,0,1,0,0,0,0,$167.47,1,0.33,1
20210219,2021021917,$167.47,$78.00,2,0.00%,0.00%,100.00%,$167.47,0,0,0,0,0.00%,0,0,0,2,0,0,0,0,$167.47,1,1,1
20191217,2019121719,$164.25,$153.00,1,0.00%,0.00%,0.00%,$0.00,0,0,0,0,0.00%,0,0,0,1,0,0,0,0,$164.25,1,1,1
20190219,2019021908,$163.17,$152.00,1,0.00%,0.00%,50.00%,$81.58,0,0,0,0,0.00%,0,0,0,1,0,0,0,0,$163.17,1,0.5,1
20200206,2020020606,$163.17,$152.00,1,0.00%,0.00%,33.33%,$54.39,0,0,0,0,0.00%,0,0,0,1,0,0,0,0,$163.17,1,0.33,1
20190225,2019022517,$162.64,$101.00,1.5,0.00%,0.00%,40.00%,$65.05,0,0,0,0,0.00%,0,0,0,3,0,0,0,0,$325.27,2,1,2
20190210,2019021016,$161.74,$150.67,1,0.00%,0.00%,100.00%,$161.74,0,0,0,0,0.00%,0,0,0,3,0,0,0,0,$485.22,3,1,3
20190217,2019021709,$161.02,$150.00,1,0.00%,0.00%,33.33%,$53.67,0,0,0,0,0.00%,0,0,0,1,0,0,0,0,$161.02,1,0.33,1
20190224,2019022410,$161.02,$150.00,1,0.00%,0.00%,7.14%,$11.50,0,0,0,0,0.00%,0,0,0,1,0,0,0,0,$161.02,1,0.07,1
20200104,2020010408,$161.02,$150.00,1,0.00%,0.00%,11.11%,$17.89,0,0,0,0,0.00%,0,0,0,1,0,0,0,0,$161.02,1,0.14,1
20200209,2020020908,$161.02,$150.00,1,0.00%,0.00%,50.00%,$80.51,0,0,0,0,0.00%,0,0,0,2,0,0,0,0,$322.04,2,0.5,2
20200209,2020020910,$161.02,$150.00,1,0.00%,0.00%,50.00%,$80.51,0,0,0,0,0.00%,0,0,0,1,0,0,0,0,$161.02,1,0.5,1
20200216,2020021606,$161.02,$150.00,1,0.00%,0.00%,16.67%,$26.84,0,0,0,0,0.00%,0,0,0,1,0,0,0,0,$161.02,1,0.17,1
20200217,2020021716,$161.02,$150.00,1,0.00%,0.00%,50.00%,$80.51,0,0,0,0,0.00%,0,0,0,1,0,0,0,0,$161.02,1,0.33,1
20200301,2020030109,$161.02,$150.00,1,0.00%,0.00%,66.67%,$107.35,0,0,0,0,0.00%,0,0,0,2,0,0,0,0,$322.04,2,0.67,2
20200309,2020030910,$161.02,$150.00,1,0.00%,0.00%,16.67%,$26.84,0,0,0,0,0.00%,0,0,0,1,0,0,0,0,$161.02,1,0.17,1
20210104,2021010418,$160.31,$112.00,1.33,0.00%,0.00%,75.00%,$120.23,0,0,0,0,0.00%,0,0,0,4,0,0,0,0,$480.92,3,1,3
20191221,2019122108,$159.42,$89.10,1.67,0.00%,0.00%,37.50%,$59.78,0,0,0,0,0.00%,0,0,0,5,0,0,0,0,$478.25,3,0.43,3
20200102,2020010210,$159.30,$148.40,1,0.00%,0.00%,50.00%,$79.65,0,0,0,0,0.00%,0,0,0,2,0,0,0,0,$318.61,2,0.4,2
20190315,2019031511,$158.88,$148.00,1,0.00%,0.00%,150.00%,$238.32,0,0,0,0,0.00%,0,0,0,3,0,0,0,0,$476.63,3,1,3
20190208,2019020813,$158.88,$98.67,1.5,0.00%,0.00%,50.00%,$79.44,0,0,0,0,0.00%,0,0,0,3,0,0,0,0,$317.75,2,0.5,2
20190305,2019030514,$157.80,$147.00,1,0.00%,0.00%,100.00%,$157.80,0,0,0,0,0.00%,0,0,0,1,0,0,0,0,$157.80,1,0.5,1
20210207,2021020714,$157.80,$147.00,1,0.00%,0.00%,12.50%,$19.72,0,0,0,0,0.00%,0,0,0,1,0,0,0,0,$157.80,1,0.12,1
20210218,2021021809,$157.80,$147.00,1,0.00%,0.00%,33.33%,$52.60,0,0,0,0,0.00%,0,0,0,1,0,0,0,0,$157.80,1,0.25,1
20191231,2019123111,$156.73,$73.00,2,0.00%,0.00%,200.00%,$313.46,0,0,0,0,0.00%,0,0,0,4,0,0,0,0,$313.46,2,2,2
20201202,2020120212,$156.20,$145.50,1,0.00%,0.00%,66.67%,$104.13,0,0,0,0,0.00%,0,0,0,2,0,0,0,0,$312.39,2,0.67,2
20190309,2019030916,$155.44,$144.80,1,0.00%,0.00%,100.00%,$155.44,0,0,0,0,0.00%,0,0,0,1,0,0,0,0,$155.44,1,0.5,1
20190130,2019013018,$154.58,$144.00,1,0.00%,0.00%,100.00%,$154.58,0,0,0,0,0.00%,0,0,0,1,0,0,0,0,$154.58,1,1,1
20190209,2019020907,$154.58,$144.00,1,0.00%,0.00%,20.00%,$30.92,0,0,0,0,0.00%,0,0,0,1,0,0,0,0,$154.58,1,0.33,1
20200209,2020020918,$154.58,$144.00,1,0.00%,0.00%,33.33%,$51.53,0,0,0,0,0.00%,0,0,0,1,0,0,0,0,$154.58,1,0.25,1
20200306,2020030613,$154.58,$144.00,1,0.00%,0.00%,50.00%,$77.29,0,0,0,0,0.00%,0,0,0,1,0,0,0,0,$154.58,1,0.5,1
20210107,2021010715,$154.58,$144.00,1,0.00%,0.00%,8.33%,$12.88,0,0,0,0,0.00%,0,0,0,1,0,0,0,0,$154.58,1,0.08,1
20210124,2021012412,$154.58,$144.00,1,0.00%,0.00%,100.00%,$154.58,0,0,0,0,0.00%,0,0,0,1,0,0,0,0,$154.58,1,1,1
20190212,2019021214,$153.21,$142.72,1,0.00%,0.00%,100.00%,$153.21,0,0,0,0,0.00%,0,0,0,2,0,0,0,0,$306.42,2,0.67,2
20200109,2020010921,$152.97,$142.50,1,0.00%,0.00%,400.00%,$611.89,0,0,0,0,0.00%,0,0,0,4,0,0,0,0,$611.89,4,4,4
20200129,2020012905,$152.44,$142.00,1,0.00%,0.00%,100.00%,$152.44,0,0,0,0,0.00%,0,0,0,2,0,0,0,0,$304.88,2,0.67,2
20191220,2019122005,$151.36,$70.50,2,0.00%,0.00%,100.00%,$151.36,0,0,0,0,0.00%,0,0,0,4,0,0,0,0,$302.73,2,2,2
20200312,2020031210,$151.36,$141.00,1,0.00%,0.00%,200.00%,$302.72,0,0,0,0,0.00%,0,0,0,2,0,0,0,0,$302.72,2,2,2
20190213,2019021316,$151.15,$140.80,1,0.00%,0.00%,33.33%,$50.38,0,0,0,0,0.00%,0,0,0,1,0,0,0,0,$151.15,1,0.33,1
20191230,2019123015,$150.82,$140.50,1,0.00%,0.00%,100.00%,$150.82,0,0,0,0,0.00%,0,0,0,2,0,0,0,0,$301.65,2,1,2
20190310,2019031015,$150.29,$140.00,1,0.00%,0.00%,33.33%,$50.10,0,0,0,0,0.00%,0,0,0,1,0,0,0,0,$150.29,1,0.25,1
20200118,2020011813,$150.29,$70.00,2,0.00%,0.00%,25.00%,$37.57,0,0,0,0,0.00%,0,0,0,2,0,0,0,0,$150.29,1,0.33,1
20210105,2021010518,$150.29,$140.00,1,0.00%,0.00%,100.00%,$150.29,0,0,0,0,0.00%,0,0,0,2,0,0,0,0,$300.58,2,1,2
20210222,2021022209,$150.29,$140.00,1,0.00%,0.00%,50.00%,$75.14,0,0,0,0,0.00%,0,0,0,1,0,0,0,0,$150.29,1,0.5,1
20190224,2019022407,$149.75,$139.50,1,0.00%,0.00%,50.00%,$74.88,0,0,0,0,0.00%,0,0,0,2,0,0,0,0,$299.50,2,0.5,2
20210219,2021021913,$149.22,$43.00,3,0.00%,0.00%,25.00%,$37.30,0,0,0,0,0.00%,0,0,0,3,0,0,0,0,$149.22,1,0.25,1
20200209,2020020919,$148.79,$99.00,1.4,0.00%,0.00%,166.67%,$247.98,0,0,0,0,0.00%,0,0,0,7,0,0,0,0,$743.94,5,1.67,5
20201223,2020122311,$148.14,$69.00,2,0.00%,0.00%,33.33%,$49.38,0,0,0,0,0.00%,0,0,0,2,0,0,0,0,$148.14,1,0.25,1
20210206,2021020604,$148.14,$69.00,2,0.00%,0.00%,100.00%,$148.14,0,0,0,0,0.00%,0,0,0,2,0,0,0,0,$148.14,1,1,1
20210225,2021022516,$148.14,$138.00,1,0.00%,0.00%,33.33%,$49.38,0,0,0,0,0.00%,0,0,0,1,0,0,0,0,$148.14,1,0.33,1
20210320,2021032007,$148.14,$69.00,2,0.00%,0.00%,20.00%,$29.63,0,0,0,0,0.00%,0,0,0,2,0,0,0,0,$148.14,1,0.2,1
20191231,2019123106,$146.57,$136.53,1,0.00%,0.00%,75.00%,$109.93,0,0,0,0,0.00%,0,0,0,3,0,0,0,0,$439.71,3,0.6,3
20210319,2021031906,$146.00,$136.00,1,0.00%,0.00%,25.00%,$36.50,0,0,0,0,0.00%,0,0,0,1,0,0,0,0,$146.00,1,0.25,1
20200119,2020011915,$146.00,$102.00,1.33,0.00%,0.00%,150.00%,$219.00,0,0,0,0,0.00%,0,0,0,4,0,0,0,0,$437.99,3,1,3
20190130,2019013019,$144.92,$135.00,1,0.00%,0.00%,28.57%,$41.41,0,0,0,0,0.00%,0,0,0,2,0,0,0,0,$289.85,2,0.4,2
20190220,2019022007,$144.92,$135.00,1,0.00%,0.00%,50.00%,$72.46,0,0,0,0,0.00%,0,0,0,1,0,0,0,0,$144.92,1,0.33,1
20190305,2019030518,$144.92,$135.00,1,0.00%,0.00%,25.00%,$36.23,0,0,0,0,0.00%,0,0,0,1,0,0,0,0,$144.92,1,0.2,1
20190321,2019032107,$144.92,$135.00,1,0.00%,0.00%,25.00%,$36.23,0,0,0,0,0.00%,0,0,0,1,0,0,0,0,$144.92,1,0.25,1
20200106,2020010615,$144.92,$135.00,1,0.00%,0.00%,50.00%,$72.46,0,0,0,0,0.00%,0,0,0,1,0,0,0,0,$144.92,1,0.33,1
20200202,2020020210,$144.92,$135.00,1,0.00%,0.00%,33.33%,$48.31,0,0,0,0,0.00%,0,0,0,1,0,0,0,0,$144.92,1,0.33,1
20200212,2020021215,$144.92,$135.00,1,0.00%,0.00%,50.00%,$72.46,0,0,0,0,0.00%,0,0,0,1,0,0,0,0,$144.92,1,0.5,1
20200222,2020022212,$142.78,$133.00,1,0.00%,0.00%,50.00%,$71.39,0,0,0,0,0.00%,0,0,0,2,0,0,0,0,$285.55,2,0.5,2
20210310,2021031008,$141.70,$132.00,1,0.00%,0.00%,44.44%,$62.98,0,0,0,0,0.00%,0,0,0,4,0,0,0,0,$566.81,4,0.44,4
20190128,2019012814,$141.70,$132.00,1,0.00%,0.00%,16.67%,$23.62,0,0,0,0,0.00%,0,0,0,1,0,0,0,0,$141.70,1,0.17,1
20190321,2019032115,$141.70,$132.00,1,0.00%,0.00%,20.00%,$28.34,0,0,0,0,0.00%,0,0,0,1,0,0,0,0,$141.70,1,0.2,1
20200209,2020020903,$141.70,$132.00,1,0.00%,0.00%,33.33%,$47.23,0,0,0,0,0.00%,0,0,0,1,0,0,0,0,$141.70,1,0.5,1
20210222,2021022207,$141.16,$131.50,1,0.00%,0.00%,28.57%,$40.33,0,0,0,0,0.00%,0,0,0,2,0,0,0,0,$282.33,2,0.29,2
20200215,2020021517,$140.63,$109.17,1.2,0.00%,0.00%,166.67%,$234.38,0,0,0,0,0.00%,0,0,0,6,0,0,0,0,$703.14,5,1,5
20190203,2019020309,$139.56,$130.00,1,0.00%,0.00%,33.33%,$46.52,0,0,0,0,0.00%,0,0,0,1,0,0,0,0,$139.56,1,0.25,1
20190213,2019021318,$139.56,$130.00,1,0.00%,0.00%,100.00%,$139.56,0,0,0,0,0.00%,0,0,0,1,0,0,0,0,$139.56,1,0.5,1
20190311,2019031108,$139.56,$130.00,1,0.00%,0.00%,50.00%,$69.78,0,0,0,0,0.00%,0,0,0,1,0,0,0,0,$139.56,1,0.5,1
20191220,2019122008,$139.56,$130.00,1,0.00%,0.00%,9.09%,$12.69,0,0,0,0,0.00%,0,0,0,1,0,0,0,0,$139.56,1,0.17,1
20200215,2020021513,$139.56,$130.00,1,0.00%,0.00%,33.33%,$46.52,0,0,0,0,0.00%,0,0,0,1,0,0,0,0,$139.56,1,0.33,1
20200309,2020030920,$139.56,$130.00,1,0.00%,0.00%,0.00%,$0.00,0,0,0,0,0.00%,0,0,0,1,0,0,0,0,$139.56,1,1,1
20200310,2020031011,$139.56,$130.00,1,0.00%,0.00%,50.00%,$69.78,0,0,0,0,0.00%,0,0,0,1,0,0,0,0,$139.56,1,0.5,1
20210303,2021030321,$139.56,$130.00,1,0.00%,0.00%,0.00%,$0.00,0,0,0,0,0.00%,0,0,0,1,0,0,0,0,$139.56,1,1,1
20210316,2021031612,$139.56,$130.00,1,0.00%,0.00%,25.00%,$34.89,0,0,0,0,0.00%,0,0,0,1,0,0,0,0,$139.56,1,0.33,1
20201225,2020122515,$139.56,$86.67,1.5,0.00%,0.00%,33.33%,$46.52,0,0,0,0,0.00%,0,0,0,3,0,0,0,0,$279.11,2,0.33,2
20201216,2020121611,$138.48,$129.00,1,0.00%,0.00%,33.33%,$46.16,0,0,0,0,0.00%,0,0,0,1,0,0,0,0,$138.48,1,0.33,1
20201219,2020121911,$138.48,$43.00,3,0.00%,0.00%,33.33%,$46.16,0,0,0,0,0.00%,0,0,0,3,0,0,0,0,$138.48,1,0.25,1
20210117,2021011707,$138.48,$129.00,1,0.00%,0.00%,20.00%,$27.70,0,0,0,0,0.00%,0,0,0,1,0,0,0,0,$138.48,1,0.2,1
20210215,2021021519,$138.48,$129.00,1,0.00%,0.00%,33.33%,$46.16,0,0,0,0,0.00%,0,0,0,1,0,0,0,0,$138.48,1,0.33,1
20210301,2021030111,$138.48,$43.00,3,0.00%,0.00%,33.33%,$46.16,0,0,0,0,0.00%,0,0,0,3,0,0,0,0,$138.48,1,0.25,1
20190213,2019021319,$137.41,$128.00,1,0.00%,0.00%,200.00%,$274.82,0,0,0,0,0.00%,0,0,0,2,0,0,0,0,$274.82,2,1,2
20190305,2019030516,$137.41,$128.00,1,0.00%,0.00%,16.67%,$22.90,0,0,0,0,0.00%,0,0,0,1,0,0,0,0,$137.41,1,0.17,1
20210129,2021012912,$137.41,$128.00,1,0.00%,0.00%,100.00%,$137.41,0,0,0,0,0.00%,0,0,0,1,0,0,0,0,$137.41,1,1,1
20191222,2019122214,$137.05,$63.83,1.5,0.00%,0.00%,37.50%,$51.39,0,0,0,0,0.00%,0,0,0,6,0,0,0,0,$411.15,3,0.38,4
20210129,2021012914,$136.87,$127.50,1,0.00%,0.00%,22.22%,$30.42,0,0,0,0,0.00%,0,0,0,2,0,0,0,0,$273.74,2,0.29,2
20200306,2020030621,$134.19,$65.00,2,0.00%,0.00%,0.00%,$0.00,0,0,0,0,0.00%,0,0,0,2,0,0,0,0,$134.19,1,1,1
20200211,2020021109,$134.18,$125.00,1,0.00%,0.00%,28.57%,$38.34,0,0,0,0,0.00%,0,0,0,2,0,0,0,0,$268.37,2,0.29,2
20190129,2019012910,$133.97,$124.80,1,0.00%,0.00%,20.00%,$26.79,0,0,0,0,0.00%,0,0,0,1,0,0,0,0,$133.97,1,0.2,1
20200208,2020020806,$133.97,$124.80,1,0.00%,0.00%,25.00%,$33.49,0,0,0,0,0.00%,0,0,0,1,0,0,0,0,$133.97,1,0.25,1
20210225,2021022506,$133.12,$124.00,1,0.00%,0.00%,66.67%,$88.74,0,0,0,0,0.00%,0,0,0,2,0,0,0,0,$266.23,2,0.5,2
20210204,2021020409,$133.11,$124.00,1,0.00%,0.00%,12.50%,$16.64,0,0,0,0,0.00%,0,0,0,1,0,0,0,0,$133.11,1,0.12,1
20210209,2021020908,$133.11,$124.00,1,0.00%,0.00%,33.33%,$44.37,0,0,0,0,0.00%,0,0,0,1,0,0,0,0,$133.11,1,0.33,1
20210313,2021031316,$133.11,$124.00,1,0.00%,0.00%,33.33%,$44.37,0,0,0,0,0.00%,0,0,0,1,0,0,0,0,$133.11,1,0.25,1
20191217,2019121715,$132.04,$123.00,1,0.00%,0.00%,25.00%,$33.01,0,0,0,0,0.00%,0,0,0,4,0,0,0,0,$528.17,4,0.4,4
20210204,2021020408,$132.04,$123.00,1,0.00%,0.00%,66.67%,$88.03,0,0,0,0,0.00%,0,0,0,2,0,0,0,0,$264.08,2,1,2
20190215,2019021519,$130.97,$122.00,1,0.00%,0.00%,50.00%,$65.48,0,0,0,0,0.00%,0,0,0,1,0,0,0,0,$130.97,1,0.5,1
20190227,2019022710,$130.97,$122.00,1,0.00%,0.00%,100.00%,$130.97,0,0,0,0,0.00%,0,0,0,1,0,0,0,0,$130.97,1,1,1
20190308,2019030812,$130.97,$122.00,1,0.00%,0.00%,50.00%,$65.48,0,0,0,0,0.00%,0,0,0,1,0,0,0,0,$130.97,1,0.5,1
20190319,2019031918,$130.97,$122.00,1,0.00%,0.00%,20.00%,$26.19,0,0,0,0,0.00%,0,0,0,1,0,0,0,0,$130.97,1,0.25,1
20200101,2020010121,$130.97,$122.00,1,0.00%,0.00%,50.00%,$65.48,0,0,0,0,0.00%,0,0,0,1,0,0,0,0,$130.97,1,0.5,1
20200107,2020010709,$130.97,$122.00,1,0.00%,0.00%,33.33%,$43.66,0,0,0,0,0.00%,0,0,0,1,0,0,0,0,$130.97,1,0.25,1
20200108,2020010820,$130.97,$122.00,1,0.00%,0.00%,50.00%,$65.48,0,0,0,0,0.00%,0,0,0,1,0,0,0,0,$130.97,1,0.5,1
20200205,2020020506,$130.97,$122.00,1,0.00%,0.00%,50.00%,$65.48,0,0,0,0,0.00%,0,0,0,1,0,0,0,0,$130.97,1,0.5,1
20190312,2019031207,$129.89,$121.00,1,0.00%,0.00%,50.00%,$64.94,0,0,0,0,0.00%,0,0,0,2,0,0,0,0,$259.78,2,0.4,2
20190207,2019020712,$129.63,$48.30,2.5,0.00%,0.00%,400.00%,$518.51,0,0,0,0,0.00%,0,0,0,10,0,0,0,0,$518.51,4,2,4
20190217,2019021710,$128.82,$120.00,1,0.00%,0.00%,16.67%,$21.47,0,0,0,0,0.00%,0,0,0,1,0,0,0,0,$128.82,1,0.17,1
20200213,2020021307,$128.82,$60.00,2,0.00%,0.00%,16.67%,$21.47,0,0,0,0,0.00%,0,0,0,2,0,0,0,0,$128.82,1,0.17,1
20210215,2021021507,$128.55,$119.75,1,0.00%,0.00%,57.14%,$73.46,0,0,0,0,0.00%,0,0,0,4,0,0,0,0,$514.21,4,0.5,4
20200213,2020021308,$127.64,$74.27,1.5,0.00%,0.00%,28.57%,$36.47,0,0,0,0,0.00%,0,0,0,3,0,0,0,0,$255.28,2,0.29,2
20200304,2020030407,$127.21,$118.50,1,0.00%,0.00%,50.00%,$63.60,0,0,0,0,0.00%,0,0,0,1,0,0,0,0,$127.21,1,0.5,1
20210209,2021020916,$126.67,$118.00,1,0.00%,0.00%,33.33%,$42.22,0,0,0,0,0.00%,0,0,0,1,0,0,0,0,$126.67,1,0.33,1
20210222,2021022220,$126.67,$59.00,2,0.00%,0.00%,100.00%,$126.67,0,0,0,0,0.00%,0,0,0,2,0,0,0,0,$126.67,1,1,1
20210317,2021031715,$126.67,$118.00,1,0.00%,0.00%,20.00%,$25.33,0,0,0,0,0.00%,0,0,0,1,0,0,0,0,$126.67,1,0.2,1
20190131,2019013109,$125.60,$117.00,1,0.00%,0.00%,100.00%,$125.60,0,0,0,0,0.00%,0,0,0,1,0,0,0,0,$125.60,1,1,1
20190320,2019032014,$125.60,$117.00,1,0.00%,0.00%,50.00%,$62.80,0,0,0,0,0.00%,0,0,0,1,0,0,0,0,$125.60,1,0.5,1
20191229,2019122918,$125.60,$117.00,1,0.00%,0.00%,50.00%,$62.80,0,0,0,0,0.00%,0,0,0,1,0,0,0,0,$125.60,1,0.5,1
20200104,2020010412,$125.60,$117.00,1,0.00%,0.00%,33.33%,$41.87,0,0,0,0,0.00%,0,0,0,1,0,0,0,0,$125.60,1,0.25,1
20210113,2021011314,$125.60,$117.00,1,0.00%,0.00%,16.67%,$20.93,0,0,0,0,0.00%,0,0,0,1,0,0,0,0,$125.60,1,0.17,1
20210217,2021021714,$125.60,$117.00,1,0.00%,0.00%,14.29%,$17.94,0,0,0,0,0.00%,0,0,0,1,0,0,0,0,$125.60,1,0.12,1
20191127,2019112720,$124.53,$116.00,1,0.00%,0.00%,0.00%,$0.00,0,0,0,0,0.00%,0,0,0,1,0,0,0,0,$124.53,1,1,1
20201229,2020122908,$124.53,$116.00,1,0.00%,0.00%,9.09%,$11.32,0,0,0,0,0.00%,0,0,0,1,0,0,0,0,$124.53,1,0.12,1
20190128,2019012808,$123.45,$115.00,1,0.00%,0.00%,75.00%,$92.59,0,0,0,0,0.00%,0,0,0,3,0,0,0,0,$370.36,3,0.75,3
20200203,2020020317,$123.45,$115.00,1,0.00%,0.00%,33.33%,$41.15,0,0,0,0,0.00%,0,0,0,2,0,0,0,0,$246.90,2,0.33,2
20200102,2020010207,$122.38,$114.00,1,0.00%,0.00%,50.00%,$61.19,0,0,0,0,0.00%,0,0,0,1,0,0,0,0,$122.38,1,0.5,1
20200308,2020030811,$122.38,$114.00,1,0.00%,0.00%,33.33%,$40.79,0,0,0,0,0.00%,0,0,0,1,0,0,0,0,$122.38,1,0.33,1
20190211,2019021120,$121.98,$90.90,1.25,0.00%,0.00%,200.00%,$243.96,0,0,0,0,0.00%,0,0,0,5,0,0,0,0,$487.92,4,1,4
20191217,2019121722,$120.77,$112.50,1,0.00%,0.00%,50.00%,$60.38,0,0,0,0,0.00%,0,0,0,2,0,0,0,0,$241.54,2,0.4,2
20210106,2021010607,$120.77,$112.50,1,0.00%,0.00%,66.67%,$80.51,0,0,0,0,0.00%,0,0,0,2,0,0,0,0,$241.54,2,0.5,2
20190311,2019031115,$120.23,$112.00,1,0.00%,0.00%,50.00%,$60.12,0,0,0,0,0.00%,0,0,0,1,0,0,0,0,$120.23,1,0.5,1
20200227,2020022710,$120.23,$112.00,1,0.00%,0.00%,20.00%,$24.05,0,0,0,0,0.00%,0,0,0,1,0,0,0,0,$120.23,1,0.5,1
20200228,2020022803,$120.12,$111.90,1,0.00%,0.00%,0.00%,$0.00,0,0,0,0,0.00%,0,0,0,1,0,0,0,0,$120.12,1,1,1
20210302,2021030208,$119.16,$111.00,1,0.00%,0.00%,33.33%,$39.72,0,0,0,0,0.00%,0,0,0,1,0,0,0,0,$119.16,1,0.33,1
20200206,2020020619,$118.08,$110.00,1,0.00%,0.00%,40.00%,$47.23,0,0,0,0,0.00%,0,0,0,2,0,0,0,0,$236.17,2,0.5,2
20190218,2019021817,$118.08,$110.00,1,0.00%,0.00%,33.33%,$39.36,0,0,0,0,0.00%,0,0,0,1,0,0,0,0,$118.08,1,0.33,1
20200302,2020030217,$118.08,$110.00,1,0.00%,0.00%,0.00%,$0.00,0,0,0,0,0.00%,0,0,0,1,0,0,0,0,$118.08,1,1,1
20200108,2020010811,$117.55,$109.50,1,0.00%,0.00%,200.00%,$235.10,0,0,0,0,0.00%,0,0,0,2,0,0,0,0,$235.10,2,1,2
20200204,2020020411,$117.55,$109.50,1,0.00%,0.00%,100.00%,$117.55,0,0,0,0,0.00%,0,0,0,1,0,0,0,0,$117.55,1,1,1
20210309,2021030912,$117.01,$65.40,1.67,0.00%,0.00%,100.00%,$117.01,0,0,0,0,0.00%,0,0,0,5,0,0,0,0,$351.04,3,1,3
20201222,2020122222,$117.01,$34.67,3,0.00%,0.00%,66.67%,$78.01,0,0,0,0,0.00%,0,0,0,6,0,0,0,0,$234.02,2,0.5,2
20190205,2019020512,$116.80,$108.80,1,0.00%,0.00%,20.00%,$23.36,0,0,0,0,0.00%,0,0,0,1,0,0,0,0,$116.80,1,0.2,1
20190302,2019030220,$115.94,$54.00,2,0.00%,0.00%,100.00%,$115.94,0,0,0,0,0.00%,0,0,0,2,0,0,0,0,$115.94,1,0.5,1
20191217,2019121721,$115.94,$108.00,1,0.00%,0.00%,16.67%,$19.32,0,0,0,0,0.00%,0,0,0,1,0,0,0,0,$115.94,1,0.17,1
20201224,2020122409,$115.94,$54.00,2,0.00%,0.00%,33.33%,$38.65,0,0,0,0,0.00%,0,0,0,2,0,0,0,0,$115.94,1,0.25,1
20201231,2020123111,$115.94,$108.00,1,0.00%,0.00%,28.57%,$33.13,0,0,0,0,0.00%,0,0,0,2,0,0,0,0,$231.88,2,0.29,2
20210105,2021010515,$115.94,$108.00,1,0.00%,0.00%,50.00%,$57.97,0,0,0,0,0.00%,0,0,0,1,0,0,0,0,$115.94,1,0.33,1
20210118,2021011806,$115.94,$108.00,1,0.00%,0.00%,20.00%,$23.19,0,0,0,0,0.00%,0,0,0,1,0,0,0,0,$115.94,1,0.2,1
20210127,2021012706,$115.94,$108.00,1,0.00%,0.00%,33.33%,$38.65,0,0,0,0,0.00%,0,0,0,1,0,0,0,0,$115.94,1,0.25,1
20210227,2021022710,$115.94,$54.00,2,0.00%,0.00%,20.00%,$23.19,0,0,0,0,0.00%,0,0,0,2,0,0,0,0,$115.94,1,0.2,1
20210301,2021030110,$115.94,$108.00,1,0.00%,0.00%,20.00%,$23.19,0,0,0,0,0.00%,0,0,0,1,0,0,0,0,$115.94,1,0.17,1
20201223,2020122314,$114.86,$35.67,3,0.00%,0.00%,33.33%,$38.29,0,0,0,0,0.00%,0,0,0,6,0,0,0,0,$229.73,2,0.33,2
20210113,2021011317,$113.79,$106.00,1,0.00%,0.00%,50.00%,$56.90,0,0,0,0,0.00%,0,0,0,1,0,0,0,0,$113.79,1,0.33,1
20190212,2019021215,$113.36,$105.60,1,0.00%,0.00%,25.00%,$28.34,0,0,0,0,0.00%,0,0,0,1,0,0,0,0,$113.36,1,0.25,1
20200215,2020021520,$112.72,$105.00,1,0.00%,0.00%,50.00%,$56.36,0,0,0,0,0.00%,0,0,0,1,0,0,0,0,$112.72,1,0.5,1
20200218,2020021811,$112.72,$105.00,1,0.00%,0.00%,20.00%,$22.54,0,0,0,0,0.00%,0,0,0,1,0,0,0,0,$112.72,1,0.17,1
20200226,2020022616,$112.72,$60.00,2,0.00%,0.00%,50.00%,$56.36,0,0,0,0,0.00%,0,0,0,2,0,0,0,0,$112.72,1,0.33,1
20200302,2020030218,$112.72,$105.00,1,0.00%,0.00%,50.00%,$56.36,0,0,0,0,0.00%,0,0,0,1,0,0,0,0,$112.72,1,0.5,1
20201224,2020122412,$110.57,$103.00,1,0.00%,0.00%,75.00%,$82.93,0,0,0,0,0.00%,0,0,0,3,0,0,0,0,$331.72,3,0.75,3
20210126,2021012608,$110.04,$102.50,1,0.00%,0.00%,50.00%,$55.02,0,0,0,0,0.00%,0,0,0,2,0,0,0,0,$220.07,2,0.5,2
20210312,2021031211,$109.50,$51.00,2,0.00%,0.00%,400.00%,$437.99,0,0,0,0,0.00%,0,0,0,8,0,0,0,0,$437.99,4,2,4
20190207,2019020715,$107.35,$50.00,2,0.00%,0.00%,25.00%,$26.84,0,0,0,0,0.00%,0,0,0,2,0,0,0,0,$107.35,1,0.25,1
20190213,2019021309,$107.35,$50.00,2,0.00%,0.00%,25.00%,$26.84,0,0,0,0,0.00%,0,0,0,2,0,0,0,0,$107.35,1,0.2,1
20190309,2019030912,$107.35,$100.00,1,0.00%,0.00%,100.00%,$107.35,0,0,0,0,0.00%,0,0,0,1,0,0,0,0,$107.35,1,1,1
20200106,2020010610,$107.35,$100.00,1,0.00%,0.00%,20.00%,$21.47,0,0,0,0,0.00%,0,0,0,1,0,0,0,0,$107.35,1,0.33,1
20200217,2020021720,$107.35,$100.00,1,0.00%,0.00%,20.00%,$21.47,0,0,0,0,0.00%,0,0,0,1,0,0,0,0,$107.35,1,0.2,1
20200308,2020030817,$107.35,$45.00,2,0.00%,0.00%,33.33%,$35.78,0,0,0,0,0.00%,0,0,0,2,0,0,0,0,$107.35,1,0.33,1
20200216,2020021608,$105.20,$98.00,1,0.00%,0.00%,50.00%,$52.60,0,0,0,0,0.00%,0,0,0,2,0,0,0,0,$210.41,2,0.4,2
20191218,2019121816,$105.20,$44.00,2,0.00%,0.00%,300.00%,$315.61,0,0,0,0,0.00%,0,0,0,6,0,0,0,0,$315.61,3,1,3
20190206,2019020612,$105.20,$98.00,1,0.00%,0.00%,33.33%,$35.07,0,0,0,0,0.00%,0,0,0,1,0,0,0,0,$105.20,1,0.33,1
20190311,2019031110,$105.20,$98.00,1,0.00%,0.00%,50.00%,$52.60,0,0,0,0,0.00%,0,0,0,1,0,0,0,0,$105.20,1,0.5,1
20210101,2021010110,$105.20,$98.00,1,0.00%,0.00%,25.00%,$26.30,0,0,0,0,0.00%,0,0,0,1,0,0,0,0,$105.20,1,0.2,1
20210115,2021011515,$105.20,$98.00,1,0.00%,0.00%,16.67%,$17.53,0,0,0,0,0.00%,0,0,0,1,0,0,0,0,$105.20,1,0.17,1
20210202,2021020209,$105.20,$98.00,1,0.00%,0.00%,100.00%,$105.20,0,0,0,0,0.00%,0,0,0,1,0,0,0,0,$105.20,1,1,1
20210202,2021020211,$105.20,$98.00,1,0.00%,0.00%,33.33%,$35.07,0,0,0,0,0.00%,0,0,0,1,0,0,0,0,$105.20,1,0.25,1
20210210,2021021012,$105.20,$98.00,1,0.00%,0.00%,33.33%,$35.07,0,0,0,0,0.00%,0,0,0,1,0,0,0,0,$105.20,1,0.25,1
20210220,2021022008,$105.20,$98.00,1,0.00%,0.00%,20.00%,$21.04,0,0,0,0,0.00%,0,0,0,1,0,0,0,0,$105.20,1,0.2,1
20210301,2021030113,$104.13,$48.50,2,0.00%,0.00%,66.67%,$69.42,0,0,0,0,0.00%,0,0,0,4,0,0,0,0,$208.26,2,0.5,2
20210312,2021031216,$104.13,$97.00,1,0.00%,0.00%,66.67%,$69.42,0,0,0,0,0.00%,0,0,0,2,0,0,0,0,$208.26,2,0.67,2
20210224,2021022413,$103.86,$77.40,1.25,0.00%,0.00%,80.00%,$83.09,0,0,0,0,0.00%,0,0,0,5,0,0,0,0,$415.45,4,0.8,4
20210113,2021011313,$103.06,$96.00,1,0.00%,0.00%,33.33%,$34.35,0,0,0,0,0.00%,0,0,0,1,0,0,0,0,$103.06,1,0.33,1
20210313,2021031313,$103.06,$48.00,2,0.00%,0.00%,25.00%,$25.76,0,0,0,0,0.00%,0,0,0,2,0,0,0,0,$103.06,1,0.33,1
20201226,2020122617,$102.34,$95.33,1,0.00%,0.00%,100.00%,$102.34,0,0,0,0,0.00%,0,0,0,3,0,0,0,0,$307.03,3,1,3
20200206,2020020611,$100.91,$94.00,1,0.00%,0.00%,66.67%,$67.27,0,0,0,0,0.00%,0,0,0,2,0,0,0,0,$201.82,2,0.67,2
20210211,2021021108,$100.91,$94.00,1,0.00%,0.00%,150.00%,$151.36,0,0,0,0,0.00%,0,0,0,3,0,0,0,0,$302.73,3,1,3
20191229,2019122916,$99.84,$39.00,2,0.00%,0.00%,20.00%,$19.97,0,0,0,0,0.00%,0,0,0,2,0,0,0,0,$99.84,1,0.17,1
20210226,2021022615,$99.84,$93.00,1,0.00%,0.00%,18.18%,$18.15,0,0,0,0,0.00%,0,0,0,2,0,0,0,0,$199.67,2,0.22,2
20210301,2021030108,$98.76,$92.00,1,0.00%,0.00%,50.00%,$49.38,0,0,0,0,0.00%,0,0,0,2,0,0,0,0,$197.52,2,0.5,2
20200226,2020022617,$98.76,$92.00,1,0.00%,0.00%,200.00%,$197.52,0,0,0,0,0.00%,0,0,0,4,0,0,0,0,$395.03,4,4,4
20190303,2019030310,$96.62,$90.00,1,0.00%,0.00%,12.50%,$12.08,0,0,0,0,0.00%,0,0,0,1,0,0,0,0,$96.62,1,0.14,1
20200102,2020010209,$96.62,$90.00,1,0.00%,0.00%,16.67%,$16.10,0,0,0,0,0.00%,0,0,0,1,0,0,0,0,$96.62,1,0.17,1
20200228,2020022815,$96.62,$90.00,1,0.00%,0.00%,50.00%,$48.31,0,0,0,0,0.00%,0,0,0,1,0,0,0,0,$96.62,1,0.5,1
20190313,2019031323,$95.54,$89.00,1,0.00%,0.00%,100.00%,$95.54,0,0,0,0,0.00%,0,0,0,2,0,0,0,0,$191.08,2,2,2
20200130,2020013006,$94.47,$88.00,1,0.00%,0.00%,0.00%,$0.00,0,0,0,0,0.00%,0,0,0,1,0,0,0,0,$94.47,1,1,1
20200308,2020030816,$94.47,$44.00,2,0.00%,0.00%,20.00%,$18.89,0,0,0,0,0.00%,0,0,0,2,0,0,0,0,$94.47,1,0.2,1
20210212,2021021221,$94.46,$70.40,1,0.00%,0.00%,400.00%,$377.86,0,0,0,0,0.00%,0,0,0,5,0,0,0,0,$377.86,4,4,5
20210304,2021030413,$94.46,$88.00,1,0.00%,0.00%,40.00%,$37.79,0,0,0,0,0.00%,0,0,0,2,0,0,0,0,$188.93,2,0.33,2
20191217,2019121713,$94.04,$87.60,1,0.00%,0.00%,0.00%,$0.00,0,0,0,0,0.00%,0,0,0,2,0,0,0,0,$188.08,2,1,2
20210117,2021011715,$93.93,$35.00,2.5,0.00%,0.00%,50.00%,$46.96,0,0,0,0,0.00%,0,0,0,5,0,0,0,0,$187.86,2,0.4,2
20191225,2019122508,$93.39,$87.00,1,0.00%,0.00%,33.33%,$31.13,0,0,0,0,0.00%,0,0,0,1,0,0,0,0,$93.39,1,0.25,1
20190216,2019021610,$92.32,$86.00,1,0.00%,0.00%,66.67%,$61.55,0,0,0,0,0.00%,0,0,0,2,0,0,0,0,$184.65,2,0.67,2
20201222,2020122212,$92.32,$43.00,2,0.00%,0.00%,33.33%,$30.77,0,0,0,0,0.00%,0,0,0,2,0,0,0,0,$92.32,1,0.33,1
20210103,2021010315,$92.32,$86.00,1,0.00%,0.00%,9.09%,$8.39,0,0,0,0,0.00%,0,0,0,1,0,0,0,0,$92.32,1,0.08,1
20210319,2021031918,$92.32,$43.00,2,0.00%,0.00%,100.00%,$92.32,0,0,0,0,0.00%,0,0,0,2,0,0,0,0,$92.32,1,1,1
20200228,2020022808,$91.78,$85.50,1,0.00%,0.00%,33.33%,$30.59,0,0,0,0,0.00%,0,0,0,1,0,0,0,0,$91.78,1,0.25,1
20200216,2020021615,$91.25,$35.00,2,0.00%,0.00%,12.50%,$11.41,0,0,0,0,0.00%,0,0,0,2,0,0,0,0,$91.25,1,0.14,1
20190211,2019021117,$90.17,$84.00,1,0.00%,0.00%,25.00%,$22.54,0,0,0,0,0.00%,0,0,0,1,0,0,0,0,$90.17,1,0.25,1
20190207,2019020706,$85.34,$79.50,1,0.00%,0.00%,100.00%,$85.34,0,0,0,0,0.00%,0,0,0,2,0,0,0,0,$170.68,2,1,2
20190218,2019021806,$83.73,$78.00,1,0.00%,0.00%,16.67%,$13.96,0,0,0,0,0.00%,0,0,0,1,0,0,0,0,$83.73,1,0.17,1
20200207,2020020719,$83.73,$39.00,2,0.00%,0.00%,16.67%,$13.96,0,0,0,0,0.00%,0,0,0,2,0,0,0,0,$83.73,1,0.2,1
20200225,2020022516,$83.73,$78.00,1,0.00%,0.00%,33.33%,$27.91,0,0,0,0,0.00%,0,0,0,1,0,0,0,0,$83.73,1,0.33,1
20210117,2021011716,$83.73,$78.00,1,0.00%,0.00%,25.00%,$20.93,0,0,0,0,0.00%,0,0,0,1,0,0,0,0,$83.73,1,0.2,1
20210129,2021012905,$83.73,$78.00,1,0.00%,0.00%,33.33%,$27.91,0,0,0,0,0.00%,0,0,0,1,0,0,0,0,$83.73,1,0.33,1
20210211,2021021107,$83.73,$39.00,2,0.00%,0.00%,20.00%,$16.75,0,0,0,0,0.00%,0,0,0,2,0,0,0,0,$83.73,1,0.2,1
20210211,2021021111,$83.73,$39.00,2,0.00%,0.00%,16.67%,$13.96,0,0,0,0,0.00%,0,0,0,2,0,0,0,0,$83.73,1,0.17,1
20210226,2021022612,$83.73,$39.00,2,0.00%,0.00%,33.33%,$27.91,0,0,0,0,0.00%,0,0,0,2,0,0,0,0,$83.73,1,0.33,1
20210226,2021022619,$83.73,$39.00,2,0.00%,0.00%,100.00%,$83.73,0,0,0,0,0.00%,0,0,0,2,0,0,0,0,$83.73,1,1,1
20210304,2021030416,$83.73,$39.00,2,0.00%,0.00%,33.33%,$27.91,0,0,0,0,0.00%,0,0,0,2,0,0,0,0,$83.73,1,0.33,1
20191227,2019122711,$83.20,$77.50,1,0.00%,0.00%,33.33%,$27.73,0,0,0,0,0.00%,0,0,0,2,0,0,0,0,$166.39,2,0.33,2
20210114,2021011410,$82.12,$76.50,1,0.00%,0.00%,100.00%,$82.12,0,0,0,0,0.00%,0,0,0,4,0,0,0,0,$328.49,4,0.8,4
20190324,2019032412,$81.59,$76.00,1,0.00%,0.00%,50.00%,$40.80,0,0,0,0,0.00%,0,0,0,1,0,0,0,0,$81.59,1,0.5,1
20191211,2019121109,$80.51,$15.00,5,0.00%,0.00%,16.67%,$13.42,0,0,0,0,0.00%,0,0,0,5,0,0,0,0,$80.51,1,0.17,1
20191227,2019122716,$79.98,$49.67,1.5,0.00%,0.00%,50.00%,$39.99,0,0,0,0,0.00%,0,0,0,3,0,0,0,0,$159.95,2,0.5,2
20210124,2021012408,$78.90,$49.00,1.5,0.00%,0.00%,66.67%,$52.60,0,0,0,0,0.00%,0,0,0,3,0,0,0,0,$157.81,2,0.67,2
20200227,2020022713,$78.90,$73.50,1,0.00%,0.00%,50.00%,$39.45,0,0,0,0,0.00%,0,0,0,1,0,0,0,0,$78.90,1,0.5,1
20200303,2020030309,$78.26,$72.90,1,0.00%,0.00%,50.00%,$39.13,0,0,0,0,0.00%,0,0,0,1,0,0,0,0,$78.26,1,0.5,1
20210204,2021020412,$76.22,$35.50,2,0.00%,0.00%,400.00%,$304.88,0,0,0,0,0.00%,0,0,0,8,0,0,0,0,$304.88,4,4,4
20191220,2019122017,$75.68,$47.00,1.5,0.00%,0.00%,33.33%,$25.23,0,0,0,0,0.00%,0,0,0,3,0,0,0,0,$151.37,2,0.29,2
20210202,2021020214,$75.50,$70.33,1,0.00%,0.00%,60.00%,$45.30,0,0,0,0,0.00%,0,0,0,3,0,0,0,0,$226.51,3,0.5,3
20200220,2020022007,$75.14,$35.00,2,0.00%,0.00%,33.33%,$25.05,0,0,0,0,0.00%,0,0,0,2,0,0,0,0,$75.14,1,0.25,1
20201214,2020121411,$74.07,$69.00,1,0.00%,0.00%,20.00%,$14.81,0,0,0,0,0.00%,0,0,0,1,0,0,0,0,$74.07,1,0.2,1
20210209,2021020918,$74.07,$69.00,1,0.00%,0.00%,25.00%,$18.52,0,0,0,0,0.00%,0,0,0,1,0,0,0,0,$74.07,1,0.33,1
20210124,2021012411,$71.92,$67.00,1,0.00%,0.00%,66.67%,$47.95,0,0,0,0,0.00%,0,0,0,2,0,0,0,0,$143.85,2,0.67,2
20200128,2020012809,$69.78,$65.00,1,0.00%,0.00%,25.00%,$17.44,0,0,0,0,0.00%,0,0,0,1,0,0,0,0,$69.78,1,0.25,1
20200204,2020020416,$69.78,$65.00,1,0.00%,0.00%,10.00%,$6.98,0,0,0,0,0.00%,0,0,0,1,0,0,0,0,$69.78,1,0.17,1
20210220,2021022011,$69.78,$65.00,1,0.00%,0.00%,25.00%,$17.44,0,0,0,0,0.00%,0,0,0,1,0,0,0,0,$69.78,1,0.25,1
20210303,2021030312,$68.70,$74.00,1,0.00%,0.00%,100.00%,$68.70,0,0,0,0,0.00%,0,0,0,1,0,0,0,0,$137.41,2,1,1
20210227,2021022714,$68.70,$64.00,1,0.00%,0.00%,20.00%,$13.74,0,0,0,0,0.00%,0,0,0,1,0,0,0,0,$68.70,1,0.2,1
20210326,2021032613,$68.70,$64.00,1,0.00%,0.00%,20.00%,$13.74,0,0,0,0,0.00%,0,0,0,1,0,0,0,0,$68.70,1,0.2,1
20210226,2021022613,$67.99,$47.50,1.33,0.00%,0.00%,300.00%,$203.97,0,0,0,0,0.00%,0,0,0,4,0,0,0,0,$203.97,3,1.5,3
20210316,2021031621,$67.64,$47.00,1.5,0.00%,0.00%,66.67%,$45.09,0,0,0,0,0.00%,0,0,0,3,0,0,0,0,$135.27,2,0.67,2
20191208,2019120815,$65.48,$40.67,1.5,0.00%,0.00%,200.00%,$130.97,0,0,0,0,0.00%,0,0,0,6,0,0,0,0,$261.94,4,2,4
20190207,2019020716,$65.48,$61.00,1,0.00%,0.00%,20.00%,$13.10,0,0,0,0,0.00%,0,0,0,1,0,0,0,0,$65.48,1,0.33,1
20191204,2019120418,$64.84,$30.20,2,0.00%,0.00%,200.00%,$129.68,0,0,0,0,0.00%,0,0,0,8,0,0,0,0,$259.36,4,2,4
20190201,2019020113,$64.41,$60.00,1,0.00%,0.00%,20.00%,$12.88,0,0,0,0,0.00%,0,0,0,1,0,0,0,0,$64.41,1,0.2,1
20210211,2021021113,$63.34,$59.00,1,0.00%,0.00%,11.11%,$7.04,0,0,0,0,0.00%,0,0,0,1,0,0,0,0,$63.34,1,0.09,1
20210303,2021030308,$63.34,$59.00,1,0.00%,0.00%,33.33%,$21.11,0,0,0,0,0.00%,0,0,0,1,0,0,0,0,$63.34,1,0.33,1
20210327,2021032706,$63.34,$59.00,1,0.00%,0.00%,100.00%,$63.34,0,0,0,0,0.00%,0,0,0,1,0,0,0,0,$63.34,1,1,1
20201222,2020122210,$62.26,$58.00,1,0.00%,0.00%,20.00%,$12.45,0,0,0,0,0.00%,0,0,0,1,0,0,0,0,$62.26,1,0.2,1
20201230,2020123019,$62.26,$58.00,1,0.00%,0.00%,50.00%,$31.13,0,0,0,0,0.00%,0,0,0,1,0,0,0,0,$62.26,1,0.5,1
20210108,2021010808,$62.26,$58.00,1,0.00%,0.00%,33.33%,$20.75,0,0,0,0,0.00%,0,0,0,1,0,0,0,0,$62.26,1,0.25,1
20210126,2021012607,$62.26,$58.00,1,0.00%,0.00%,20.00%,$12.45,0,0,0,0,0.00%,0,0,0,1,0,0,0,0,$62.26,1,0.2,1
20210214,2021021407,$62.26,$58.00,1,0.00%,0.00%,50.00%,$31.13,0,0,0,0,0.00%,0,0,0,1,0,0,0,0,$62.26,1,0.5,1
20210314,2021031410,$62.26,$58.00,1,0.00%,0.00%,33.33%,$20.75,0,0,0,0,0.00%,0,0,0,1,0,0,0,0,$62.26,1,0.33,1
20190309,2019030906,$61.73,$57.50,1,0.00%,0.00%,66.67%,$41.15,0,0,0,0,0.00%,0,0,0,2,0,0,0,0,$123.46,2,0.67,2
20200218,2020021815,$61.73,$57.50,1,0.00%,0.00%,66.67%,$41.15,0,0,0,0,0.00%,0,0,0,2,0,0,0,0,$123.46,2,0.67,2
20200112,2020011212,$61.72,$57.50,1,0.00%,0.00%,100.00%,$61.72,0,0,0,0,0.00%,0,0,0,2,0,0,0,0,$123.45,2,1,2
20190210,2019021010,$59.04,$55.00,1,0.00%,0.00%,12.50%,$7.38,0,0,0,0,0.00%,0,0,0,1,0,0,0,0,$59.04,1,0.12,1
20200101,2020010114,$59.04,$55.00,1,0.00%,0.00%,50.00%,$29.52,0,0,0,0,0.00%,0,0,0,1,0,0,0,0,$59.04,1,0.5,1
20200123,2020012318,$59.04,$55.00,1,0.00%,0.00%,100.00%,$59.04,0,0,0,0,0.00%,0,0,0,1,0,0,0,0,$59.04,1,0.33,1
20200310,2020031019,$59.04,$55.00,1,0.00%,0.00%,100.00%,$59.04,0,0,0,0,0.00%,0,0,0,1,0,0,0,0,$59.04,1,0.33,1
20201230,2020123012,$58.50,$36.33,1.5,0.00%,0.00%,33.33%,$19.50,0,0,0,0,0.00%,0,0,0,3,0,0,0,0,$117.01,2,0.25,2
20190321,2019032108,$57.97,$54.00,1,0.00%,0.00%,100.00%,$57.97,0,0,0,0,0.00%,0,0,0,1,0,0,0,0,$57.97,1,1,1
20201226,2020122620,$57.97,$54.00,1,0.00%,0.00%,20.00%,$11.59,0,0,0,0,0.00%,0,0,0,1,0,0,0,0,$57.97,1,0.2,1
20210110,2021011012,$57.97,$54.00,1,0.00%,0.00%,25.00%,$14.49,0,0,0,0,0.00%,0,0,0,1,0,0,0,0,$57.97,1,0.25,1
20210112,2021011211,$57.97,$54.00,1,0.00%,0.00%,25.00%,$14.49,0,0,0,0,0.00%,0,0,0,1,0,0,0,0,$57.97,1,0.25,1
20210203,2021020315,$57.97,$54.00,1,0.00%,0.00%,100.00%,$57.97,0,0,0,0,0.00%,0,0,0,1,0,0,0,0,$57.97,1,1,1
20210210,2021021008,$57.97,$54.00,1,0.00%,0.00%,14.29%,$8.28,0,0,0,0,0.00%,0,0,0,1,0,0,0,0,$57.97,1,0.14,1
20210216,2021021615,$57.97,$54.00,1,0.00%,0.00%,12.50%,$7.25,0,0,0,0,0.00%,0,0,0,1,0,0,0,0,$57.97,1,0.12,1
20210218,2021021819,$57.97,$54.00,1,0.00%,0.00%,25.00%,$14.49,0,0,0,0,0.00%,0,0,0,1,0,0,0,0,$57.97,1,0.25,1
20210220,2021022015,$57.97,$54.00,1,0.00%,0.00%,25.00%,$14.49,0,0,0,0,0.00%,0,0,0,1,0,0,0,0,$57.97,1,0.25,1
20210223,2021022306,$57.97,$54.00,1,0.00%,0.00%,25.00%,$14.49,0,0,0,0,0.00%,0,0,0,1,0,0,0,0,$57.97,1,0.2,1
20210224,2021022406,$57.97,$54.00,1,0.00%,0.00%,50.00%,$28.98,0,0,0,0,0.00%,0,0,0,1,0,0,0,0,$57.97,1,0.5,1
20210305,2021030509,$57.97,$54.00,1,0.00%,0.00%,12.50%,$7.25,0,0,0,0,0.00%,0,0,0,1,0,0,0,0,$57.97,1,0.12,1
20210306,2021030608,$57.97,$54.00,1,0.00%,0.00%,20.00%,$11.59,0,0,0,0,0.00%,0,0,0,1,0,0,0,0,$57.97,1,0.2,1
20210306,2021030611,$57.97,$54.00,1,0.00%,0.00%,25.00%,$14.49,0,0,0,0,0.00%,0,0,0,1,0,0,0,0,$57.97,1,0.25,1
20201216,2020121618,$56.90,$53.00,1,0.00%,0.00%,50.00%,$28.45,0,0,0,0,0.00%,0,0,0,1,0,0,0,0,$56.90,1,0.5,1
20190208,2019020812,$53.68,$50.00,1,0.00%,0.00%,33.33%,$17.89,0,0,0,0,0.00%,0,0,0,1,0,0,0,0,$53.68,1,0.33,1
20190222,2019022212,$53.68,$50.00,1,0.00%,0.00%,25.00%,$13.42,0,0,0,0,0.00%,0,0,0,1,0,0,0,0,$53.68,1,0.25,1
20190309,2019030920,$53.68,$50.00,1,0.00%,0.00%,25.00%,$13.42,0,0,0,0,0.00%,0,0,0,1,0,0,0,0,$53.68,1,0.25,1
20200125,2020012508,$53.68,$50.00,1,0.00%,0.00%,50.00%,$26.84,0,0,0,0,0.00%,0,0,0,1,0,0,0,0,$53.68,1,0.5,1
20200128,2020012816,$53.68,$50.00,1,0.00%,0.00%,0.00%,$0.00,0,0,0,0,0.00%,0,0,0,1,0,0,0,0,$53.68,1,1,1
20200204,2020020418,$53.68,$50.00,1,0.00%,0.00%,50.00%,$26.84,0,0,0,0,0.00%,0,0,0,1,0,0,0,0,$53.68,1,0.5,1
20200205,2020020510,$53.68,$50.00,1,0.00%,0.00%,20.00%,$10.74,0,0,0,0,0.00%,0,0,0,1,0,0,0,0,$53.68,1,0.2,1
20200205,2020020513,$53.68,$50.00,1,0.00%,0.00%,28.57%,$15.34,0,0,0,0,0.00%,0,0,0,2,0,0,0,0,$107.36,2,0.4,2
20200219,2020021910,$53.68,$50.00,1,0.00%,0.00%,25.00%,$13.42,0,0,0,0,0.00%,0,0,0,1,0,0,0,0,$53.68,1,0.25,1
20201225,2020122522,$52.60,$49.00,1,0.00%,0.00%,100.00%,$52.60,0,0,0,0,0.00%,0,0,0,1,0,0,0,0,$52.60,1,1,1
20210226,2021022611,$52.60,$49.00,1,0.00%,0.00%,16.67%,$8.77,0,0,0,0,0.00%,0,0,0,1,0,0,0,0,$52.60,1,0.17,1
20210306,2021030616,$52.06,$48.50,1,0.00%,0.00%,66.67%,$34.71,0,0,0,0,0.00%,0,0,0,2,0,0,0,0,$104.13,2,0.67,2
20200210,2020021011,$51.00,$47.50,1,0.00%,0.00%,50.00%,$25.50,0,0,0,0,0.00%,0,0,0,2,0,0,0,0,$101.99,2,0.4,2
20201225,2020122521,$49.92,$46.50,1,0.00%,0.00%,66.67%,$33.28,0,0,0,0,0.00%,0,0,0,2,0,0,0,0,$99.84,2,0.67,2
20191223,2019122312,$48.31,$45.00,1,0.00%,0.00%,25.00%,$12.08,0,0,0,0,0.00%,0,0,0,1,0,0,0,0,$48.31,1,0.17,1
20200102,2020010216,$48.31,$45.00,1,0.00%,0.00%,25.00%,$12.08,0,0,0,0,0.00%,0,0,0,1,0,0,0,0,$48.31,1,0.25,1
20200204,2020020420,$48.31,$45.00,1,0.00%,0.00%,100.00%,$48.31,0,0,0,0,0.00%,0,0,0,1,0,0,0,0,$48.31,1,1,1
20200205,2020020507,$48.31,$45.00,1,0.00%,0.00%,100.00%,$48.31,0,0,0,0,0.00%,0,0,0,1,0,0,0,0,$48.31,1,1,1
20200210,2020021010,$48.31,$45.00,1,0.00%,0.00%,11.11%,$5.37,0,0,0,0,0.00%,0,0,0,1,0,0,0,0,$48.31,1,0.12,1
20200224,2020022416,$48.31,$45.00,1,0.00%,0.00%,50.00%,$24.16,0,0,0,0,0.00%,0,0,0,1,0,0,0,0,$48.31,1,0.33,1
20200304,2020030419,$48.31,$67.00,1.5,0.00%,0.00%,33.33%,$16.10,0,0,0,0,0.00%,0,0,0,3,0,0,0,0,$48.31,1,0.25,2
20200117,2020011708,$47.23,$44.00,1,0.00%,0.00%,100.00%,$47.23,0,0,0,0,0.00%,0,0,0,1,0,0,0,0,$47.23,1,0.5,1
20210202,2021020216,$46.16,$43.00,1,0.00%,0.00%,16.67%,$7.69,0,0,0,0,0.00%,0,0,0,1,0,0,0,0,$46.16,1,0.2,1
20210202,2021020221,$46.16,$43.00,1,0.00%,0.00%,100.00%,$46.16,0,0,0,0,0.00%,0,0,0,1,0,0,0,0,$46.16,1,1,1
20210203,2021020310,$46.16,$43.00,1,0.00%,0.00%,100.00%,$46.16,0,0,0,0,0.00%,0,0,0,1,0,0,0,0,$46.16,1,0.5,1
20210212,2021021215,$46.16,$43.00,1,0.00%,0.00%,14.29%,$6.59,0,0,0,0,0.00%,0,0,0,1,0,0,0,0,$46.16,1,0.14,1
20210217,2021021722,$46.16,$43.00,1,0.00%,0.00%,200.00%,$92.32,0,0,0,0,0.00%,0,0,0,2,0,0,0,0,$92.32,2,2,2
20210219,2021021914,$46.16,$43.00,1,0.00%,0.00%,66.67%,$30.77,0,0,0,0,0.00%,0,0,0,2,0,0,0,0,$92.32,2,0.67,2
20210301,2021030114,$46.16,$43.00,1,0.00%,0.00%,50.00%,$23.08,0,0,0,0,0.00%,0,0,0,1,0,0,0,0,$46.16,1,0.33,1
20210303,2021030311,$46.16,$43.00,1,0.00%,0.00%,16.67%,$7.69,0,0,0,0,0.00%,0,0,0,1,0,0,0,0,$46.16,1,0.17,1
20190129,2019012909,$42.94,$20.00,2,0.00%,0.00%,20.00%,$8.59,0,0,0,0,0.00%,0,0,0,2,0,0,0,0,$42.94,1,0.25,1
20190322,2019032209,$41.87,$39.00,1,0.00%,0.00%,20.00%,$8.37,0,0,0,0,0.00%,0,0,0,1,0,0,0,0,$41.87,1,0.2,1
20200208,2020020814,$41.87,$39.00,1,0.00%,0.00%,25.00%,$10.47,0,0,0,0,0.00%,0,0,0,1,0,0,0,0,$41.87,1,0.25,1
20200222,2020022210,$41.87,$39.00,1,0.00%,0.00%,25.00%,$10.47,0,0,0,0,0.00%,0,0,0,1,0,0,0,0,$41.87,1,0.25,1
20200309,2020030919,$41.87,$39.00,1,0.00%,0.00%,50.00%,$20.94,0,0,0,0,0.00%,0,0,0,1,0,0,0,0,$41.87,1,0.33,1
20200311,2020031109,$41.87,$39.00,1,0.00%,0.00%,100.00%,$41.87,0,0,0,0,0.00%,0,0,0,1,0,0,0,0,$41.87,1,0.5,1
20201213,2020121313,$41.87,$39.00,1,0.00%,0.00%,50.00%,$20.94,0,0,0,0,0.00%,0,0,0,2,0,0,0,0,$83.74,2,0.5,2
20210302,2021030205,$41.87,$39.00,1,0.00%,0.00%,33.33%,$13.96,0,0,0,0,0.00%,0,0,0,1,0,0,0,0,$41.87,1,0.33,1
20201230,2020123013,$41.86,$39.00,1,0.00%,0.00%,66.67%,$27.91,0,0,0,0,0.00%,0,0,0,2,0,0,0,0,$83.73,2,0.67,2
20210213,2021021317,$41.86,$39.00,1,0.00%,0.00%,16.67%,$6.98,0,0,0,0,0.00%,0,0,0,2,0,0,0,0,$83.73,2,0.17,2
20190313,2019031319,$39.72,$37.00,1,0.00%,0.00%,50.00%,$19.86,0,0,0,0,0.00%,0,0,0,2,0,0,0,0,$79.44,2,0.5,2
20201227,2020122715,$39.72,$37.00,1,0.00%,0.00%,20.00%,$7.94,0,0,0,0,0.00%,0,0,0,1,0,0,0,0,$39.72,1,0.2,1
20191227,2019122720,$39.18,$36.50,1,0.00%,0.00%,40.00%,$15.67,0,0,0,0,0.00%,0,0,0,2,0,0,0,0,$78.36,2,0.4,2
20200126,2020012613,$37.57,$35.00,1,0.00%,0.00%,100.00%,$37.57,0,0,0,0,0.00%,0,0,0,1,0,0,0,0,$37.57,1,1,1
20210305,2021030507,$36.50,$34.00,1,0.00%,0.00%,50.00%,$18.25,0,0,0,0,0.00%,0,0,0,2,0,0,0,0,$73.00,2,0.67,2
20210319,2021031921,$9.11,$0.00,1,0.00%,0.00%,400.00%,$36.45,0,0,0,0,0.00%,0,0,0,4,0,0,0,0,$36.45,4,4,4
20190621,2019062120,$0.00,$414.00,1,0.00%,0.00%,0.00%,$0.00,0,0,0,0,0.00%,0,0,0,1,0,0,0,0,$0.00,0,0,1
20210105,2021010511,$0.00,$179.40,2.5,0.00%,0.00%,0.00%,$0.00,0,0,0,0,0.00%,0,0,0,5,0,0,0,0,$0.00,0,0,2
